date,asset,open,high,low,close,volume,turnover,trailing-high,trailing-ago,prct-decline,trailing-max-decline,idx,setup,signal,initial,px0,px5,px10,px20,px40
2023-11-30 00:00:00+00:00,AAAU,20.19,20.215,20.13,20.16,84667,1706886.72,20.42,145,-0.01420176297747322,-0.12095984329089138,171,true,true,true,20.51,20.1,20.165,20.44,20.16
2024-06-10 00:00:00+00:00,AAPL,197.4,197.94,192.2,192.37,4070797,7.8309921889E8,199.62,121,-0.037170624185953405,-0.17803827271816441,302,true,true,true,206.55,216.74,209.12,232.5,207.9
2024-05-02 00:00:00+00:00,AAXJ,69.28,70.33,69.0,70.19,26483,1858841.77,70.63,191,-0.023078012176129037,-0.13747699277927217,276,true,true,true,70.76,70.62,73.11,70.11,72.14
2025-02-19 00:00:00+00:00,ADI,226.7,242.46,224.3,241.47,533181,1.2874721607E8,244.115,148,-0.0811707596829363,-0.19259365462999,475,true,true,true,243.71,233.71,229.49,209.97,175.86
2024-07-29 00:00:00+00:00,ADP,253.985,256.2,252.69,255.22,71034,1.812929748E7,256.81,252,-0.016042988980179862,-0.1997585763794245,335,true,true,true,257.58,259.0,259.18,271.39,276.64
2025-09-29 00:00:00+00:00,AEE,102.135,103.69,101.73,103.55,81323,8420996.65,104.43,144,-0.025854639471416307,-0.1741111111111111,628,true,true,true,104.405,104.89,103.585,104.82,104.8
2024-02-09 00:00:00+00:00,AFG,120.66,122.89,120.34,122.82,23204,2849915.28,124.53,204,-0.033646510880912195,-0.15522364088974538,219,true,true,true,122.62,123.45,126.73,129.49,131.0
2025-11-13 00:00:00+00:00,AFL,114.785,115.44,114.27,114.97,93455,1.074452135E7,115.5,278,-0.010649350649350686,-0.1601731601731602,661,true,true,true,114.3,110.55,110.33,110.05,107.97
2024-08-01 00:00:00+00:00,AGG,99.055,99.31,99.01,99.2,568621,5.64072032E7,99.695,149,-0.006870956417071916,-0.09181953396132858,338,true,true,true,100.03,99.19,99.89,100.475,101.25
2025-02-27 00:00:00+00:00,AIG,78.305,80.5,78.305,79.7,234622,1.8699373400000002E7,80.82,199,-0.03111853501608497,-0.15614946795347673,481,true,true,true,82.96,81.27,81.545,84.44,81.225
2023-10-13 00:00:00+00:00,ALL,116.49,120.88,115.815,120.265,182909,2.1997550885E7,122.49,122,-0.05449424442811657,-0.17789207282227115,138,true,true,true,124.94,123.18,123.38,130.31,143.09
2024-11-05 00:00:00+00:00,AME,180.01,182.32,179.58,182.025,89483,1.6288143075000001E7,186.39,158,-0.03653629486560428,-0.19829389988733293,405,true,true,true,190.37,194.015,193.47,195.005,179.565
2025-07-30 00:00:00+00:00,AMED,98.13,98.765,97.685,98.71,66432,6557502.72,98.945,252,-0.012734347364697474,-0.16953863257365198,586,true,true,true,98.605,99.26,100.99,98.71,98.71
2024-08-01 00:00:00+00:00,AMH,36.285,36.92,36.255,36.84,103001,3794556.8400000003,37.97,253,-0.045167237292599305,-0.1740848037924677,338,true,true,true,37.72,38.35,38.45,39.13,38.265
2024-08-22 00:00:00+00:00,ANGL,29.14,29.14,29.085,29.12,37857,1102395.84,29.21,141,-0.004279356384799704,-0.06456776947705434,353,true,true,true,29.255,29.165,29.105,29.39,29.23
2025-09-04 00:00:00+00:00,ANGL,29.32,29.375,29.31,29.375,23371,686523.125,29.475,240,-0.005597964376590436,-0.08329092451229858,611,true,true,true,29.445,29.54,29.7,29.65,29.56
2023-12-12 00:00:00+00:00,ASX,8.82,8.9,8.745,8.9,268276,2387656.4,9.025,126,-0.031024930747922563,-0.19944598337950148,179,true,true,true,9.0,9.17,9.425,8.77,9.615
2024-07-16 00:00:00+00:00,ATO,121.63,122.475,120.66,122.34,35694,4366803.96,125.28,244,-0.03687739463601536,-0.19348659003831414,326,true,true,true,124.66,124.545,128.25,128.8,134.59
2024-05-13 00:00:00+00:00,AVB,196.55,198.64,196.16,197.015,15846,3121899.69,198.66,203,-0.01258431490989631,-0.1918856337460989,283,true,true,true,197.5,197.38,192.31,197.205,202.81
2024-02-21 00:00:00+00:00,AVEM,56.83,56.84,56.78,56.8,6102,346593.6,57.27,141,-0.008555962982364274,-0.11559280600663535,226,true,true,true,57.53,56.59,57.72,57.99,56.68
2024-05-07 00:00:00+00:00,AVT,50.11,51.535,50.11,51.11,48332,2470248.52,51.65,170,-0.029816069699903136,-0.17627450980392156,279,true,true,true,52.24,53.29,54.13,54.49,50.58
2025-12-15 00:00:00+00:00,AXS,104.68,106.6,104.43,106.45,28503,3034144.35,107.18,132,-0.025657771972382948,-0.17759843254338503,682,true,true,true,107.07,108.99,108.79,100.23,106.45
2023-11-14 00:00:00+00:00,AYI,178.755,183.56,178.755,182.76,47057,8600137.32,184.65,156,-0.03192526401299767,-0.18992688870836716,160,true,true,true,181.67,181.1,177.485,194.635,224.63
2024-01-18 00:00:00+00:00,AZO,2657.43,2723.71,2656.24,2722.02,19613,5.338697826E7,2750.965,173,-0.03443337156234283,-0.170787341896389,203,true,true,true,2747.14,2748.85,2752.09,2724.375,3123.445
2024-12-03 00:00:00+00:00,AZO,3189.9,3210.49,3173.125,3189.48,12487,3.982703676E7,3250.65,176,-0.023849076338578468,-0.1597865042376141,424,true,true,true,3188.93,3348.55,3321.435,3249.995,3429.5
2024-03-01 00:00:00+00:00,BAR,20.29,20.63,20.23,20.6,33656,693313.6000000001,20.74,208,-0.024590163934426146,-0.13500482160077132,233,true,true,true,20.93,21.52,21.32,22.17,23.08
2023-12-13 00:00:00+00:00,BBEU,54.94,55.66,54.69,55.65,29676,1651469.4,55.9,157,-0.021645796064400757,-0.1325581395348837,180,true,true,true,56.18,55.39,56.52,55.92,56.25
2025-05-23 00:00:00+00:00,BBJP,59.32,59.885,59.315,59.82,85790,5131957.8,60.645,164,-0.021930909390716513,-0.19037018715475307,541,true,true,true,61.36,61.44,60.45,60.0,63.13
2023-05-22 00:00:00+00:00,BBWI,37.32,38.34,36.66,38.11,423651,1.614533961E7,38.45,299,-0.04655396618985708,-0.18803641092327705,38,true,true,true,38.5,36.285,40.4,38.535,36.0
2024-08-29 00:00:00+00:00,BILS,99.47,99.475,99.47,99.475,1435,142746.625,99.535,145,-6.530366202842641E-4,-0.00727765508933953,357,true,true,true,99.52,99.22,99.33,99.61,99.44
2023-05-11 00:00:00+00:00,BITI,21.3,21.87,21.17,21.67,199208,4316837.36,22.145,299,-0.04402799729058471,-0.1347934070896365,31,true,true,true,22.1,21.74,22.1,21.86,18.71
2024-07-31 00:00:00+00:00,BIV,76.395,76.63,76.2,76.63,38540,2953320.1999999997,76.745,148,-0.007101439833213874,-0.09333161688980429,337,true,true,true,76.68,76.79,77.56,77.78,78.28
2025-10-20 00:00:00+00:00,BIV,78.695,78.75,78.655,78.74,44571,3509520.5399999996,78.89,272,-0.0029788312840663966,-0.06553428824946128,643,true,true,true,78.825,78.77,77.91,77.955,78.09
2023-11-17 00:00:00+00:00,BK,47.04,47.2,46.68,47.2,332192,1.56794624E7,47.23,151,-0.011645140800338738,-0.16027948337920817,163,true,true,true,47.13,47.0,47.89,51.42,54.59
2025-10-22 00:00:00+00:00,BKH,64.69,65.43,64.17,65.26,28483,1858800.58,65.48,226,-0.0200061087354918,-0.1605070250458156,645,true,true,true,65.485,63.74,64.8,69.75,68.92
2024-09-05 00:00:00+00:00,BLV,75.0,75.405,74.81,75.35,47493,3578597.55,75.535,173,-0.009598199510160832,-0.19238168526356292,362,true,true,true,75.32,75.79,75.7,74.36,71.32
2024-08-01 00:00:00+00:00,BND,73.485,73.67,73.44,73.57,303556,2.2332614919999998E7,73.93,148,-0.006627891248478401,-0.09019135554663471,338,true,true,true,74.39,73.6,74.07,74.51,75.3
2023-11-28 00:00:00+00:00,BNDX,48.945,49.115,48.94,49.1,123188,6048530.8,49.21,138,-0.005486689697216107,-0.0388132493395652,169,true,true,true,49.355,49.73,49.73,49.705,48.74
2023-06-12 00:00:00+00:00,BOOT,72.75,75.17,72.12,75.17,83221,6255722.57,78.07,299,-0.07621365441270644,-0.19918022287690518,52,true,true,true,77.81,79.13,82.91,90.17,94.96
2023-10-16 00:00:00+00:00,BP,40.3,40.32,39.69,40.22,643450,2.5879559E7,40.73,126,-0.025534004419346945,-0.18463049349373917,139,true,true,true,40.89,38.9,38.34,35.7,34.76
2025-01-27 00:00:00+00:00,BPOP,101.545,103.84,101.545,103.78,61224,6353826.72,105.02,127,-0.03308893544086833,-0.17149114454389636,459,true,true,true,102.47,99.91,101.45,100.36,93.11
2024-07-16 00:00:00+00:00,BRX,24.03,24.425,23.97,24.39,123694,3016896.66,24.47,145,-0.020433183489987794,-0.16509433962264153,326,true,true,true,24.52,24.715,26.39,25.32,27.29
2024-01-11 00:00:00+00:00,BSV,76.91,77.075,76.9,77.065,153205,1.1806743325E7,77.14,173,-0.0031112263417163444,-0.032603059372569354,199,true,true,true,77.24,76.84,76.945,76.66,76.725
2024-07-25 00:00:00+00:00,BSV,77.19,77.28,77.18,77.21,202058,1.5600898179999998E7,77.315,133,-0.0017461036021469978,-0.032603059372569354,333,true,true,true,77.35,77.59,77.77,78.07,78.79
2024-05-09 00:00:00+00:00,BSY,54.35,55.055,54.35,55.005,42776,2352893.88,55.37,206,-0.01842152790319662,-0.1894527722593461,281,true,true,true,55.47,56.1,52.68,50.81,47.81
2024-09-20 00:00:00+00:00,BWXT,98.0,102.99,98.0,102.85,64436,6627242.6,107.07,138,-0.08471093677033714,-0.1903427664144952,373,true,true,true,105.63,108.8,118.0,126.17,126.28
2024-02-14 00:00:00+00:00,BXSL,28.865,29.0,28.635,28.91,74384,2150441.44,29.09,130,-0.015641113784805705,-0.11206600206256456,222,true,true,true,29.245,29.55,29.59,30.14,30.485
2024-11-27 00:00:00+00:00,BXSL,31.86,32.19,31.81,32.12,64983,2087253.9599999997,32.64,143,-0.025428921568627527,-0.1492034313725491,421,true,true,true,32.58,31.855,32.14,33.265,32.84
2024-02-08 00:00:00+00:00,CACI,350.2,355.82,350.2,355.73,13928,4954607.44,358.9,128,-0.024240735580941752,-0.1559905266090832,218,true,true,true,354.26,362.64,369.36,374.11,378.255
2024-10-31 00:00:00+00:00,CAH,107.625,109.91,107.38,109.91,111424,1.224661184E7,116.13,161,-0.07534659433393609,-0.19753724274519935,402,true,true,true,116.15,118.21,121.65,122.33,117.93
2025-12-10 00:00:00+00:00,CB,301.75,303.745,295.22,296.53,152060,4.50903518E7,306.91,173,-0.038089342152422545,-0.16517132925012423,679,true,true,true,305.97,312.95,313.28,306.86,296.53
2023-11-13 00:00:00+00:00,CBT,74.02,74.53,73.69,74.06,11324,838655.4400000001,78.01,155,-0.05537751570311511,-0.18305345468529688,159,true,true,true,78.37,77.92,75.76,77.52,76.1
2023-12-27 00:00:00+00:00,CCEP,66.3,66.74,66.05,66.74,58804,3924578.9599999995,66.78,155,-0.010931416591793974,-0.1572327044025157,189,true,true,true,66.84,65.43,65.54,68.79,71.71
2024-03-14 00:00:00+00:00,CEF,19.99,20.02,19.91,19.99,5621,112363.79,20.115,231,-0.01019139945314429,-0.16828237633606757,242,true,true,true,20.07,20.07,20.34,22.0,22.04
2024-09-04 00:00:00+00:00,CGCP,22.92,23.02,22.92,23.0,24849,571527.0,23.54,288,-0.02633814783347488,-0.10832625318606626,361,true,true,true,23.68,23.21,23.25,23.13,22.56
2024-01-29 00:00:00+00:00,CHD,99.55,99.84,99.13,99.6,104567,1.04148732E7,100.51,142,-0.013729977116704872,-0.18042980797930563,210,true,true,true,100.5,100.24,98.59,99.91,102.84
2024-10-17 00:00:00+00:00,CHH,135.72,135.75,134.09,134.185,17836,2393323.66,136.03,299,-0.014261559950010994,-0.1992942733220613,392,true,true,true,134.855,141.39,139.565,144.185,146.515
2024-04-03 00:00:00+00:00,CHK,89.37,90.31,88.99,90.27,111065,1.0025837549999999E7,90.96,146,-0.021657871591908573,-0.19887862796833766,255,true,true,true,89.34,89.94,87.0,86.67,89.93
2024-08-21 00:00:00+00:00,CIBR,58.93,59.17,58.73,59.17,7793,461111.81,59.32,133,-0.009946055293324374,-0.14750505731625085,352,true,true,true,58.57,58.63,56.98,58.51,62.26
2024-01-23 00:00:00+00:00,CINF,111.95,112.5,111.28,111.75,34457,3850569.75,113.185,202,-0.0168308521447188,-0.16040111322171668,206,true,true,true,112.965,112.05,109.25,111.2,118.64
2023-06-01 00:00:00+00:00,CIR,28.89,29.355,28.7,29.2,6572,191902.4,31.89,299,-0.10003135779241146,-0.18563813107557237,45,true,true,true,31.63,47.71,47.81,56.445,55.695
2024-01-25 00:00:00+00:00,CL,80.28,81.44,80.03,81.15,557463,4.523812245E7,82.09,175,-0.025094408575953242,-0.17614813010110864,208,true,true,true,82.84,86.12,84.25,86.24,89.2
2024-09-30 00:00:00+00:00,CME,219.15,220.96,217.23,220.64,109579,2.417751056E7,223.77,206,-0.0292264378603031,-0.14063547392411846,379,true,true,true,225.0,221.7,224.2,228.13,229.37
2026-01-28 00:00:00+00:00,CME,284.245,286.32,283.55,286.015,100100,2.86301015E7,290.76,165,-0.024797083505296413,-0.11531847571880582,711,true,true,true,289.97,286.015,286.015,286.015,286.015
2024-02-14 00:00:00+00:00,CMI,258.47,262.0,258.07,260.435,102286,2.663885441E7,265.26,136,-0.02710548141446123,-0.19754203423056615,222,true,true,true,265.83,262.785,268.44,263.62,298.485
2023-12-21 00:00:00+00:00,CNI,122.82,124.12,122.76,123.62,56351,6966110.62,124.755,168,-0.015991343032343286,-0.16644623461985497,186,true,true,true,124.94,125.68,125.24,125.83,129.07
2025-12-12 00:00:00+00:00,CNO,41.21,41.39,41.055,41.23,35396,1459377.0799999998,43.2,181,-0.04965277777777788,-0.19652777777777786,681,true,true,true,42.86,43.55,42.86,42.2,41.23
2024-06-20 00:00:00+00:00,CNP,30.92,31.34,30.92,31.31,357297,1.118696907E7,31.43,227,-0.016226535157492727,-0.19090041361756283,309,true,true,true,31.0,30.82,30.5,28.98,25.78
2024-02-06 00:00:00+00:00,CP,83.22,84.5,83.16,84.28,232099,1.956130372E7,85.38,132,-0.026001405481377304,-0.19313656594050121,216,true,true,true,85.33,82.94,85.47,87.62,86.96
2023-12-20 00:00:00+00:00,CVS,76.24,78.475,76.11,77.26,921665,7.12078379E7,78.48,178,-0.030198776758409873,-0.17889908256880738,185,true,true,true,78.65,78.98,81.39,73.96,76.25
2025-06-26 00:00:00+00:00,CWB,81.77,82.1,81.71,82.07,165377,1.3572490389999999E7,82.17,137,-0.005598150176463479,-0.1409273457466228,563,true,true,true,82.245,83.09,83.565,85.335,85.995
2024-01-10 00:00:00+00:00,DBEF,37.2,37.255,37.16,37.24,21262,791796.88,37.29,142,-0.003486189326897371,-0.10404934298739621,198,true,true,true,37.2,37.19,37.64,38.16,39.8
2023-12-13 00:00:00+00:00,DCI,62.525,63.76,62.34,63.61,44852,2853035.72,65.63,155,-0.05012951394179477,-0.130885265884504,180,true,true,true,65.5,65.08,65.54,63.28,67.77
2024-08-01 00:00:00+00:00,DFCF,42.41,42.5,42.41,42.445,28161,1195293.645,42.69,125,-0.006558913094401486,-0.08218063466232717,338,true,true,true,42.845,42.41,42.71,42.81,43.3
2025-07-02 00:00:00+00:00,DGRO,64.85,64.955,64.59,64.93,96868,6289639.24,65.08,145,-0.007529194837123443,-0.17071296865396435,567,true,true,true,65.25,65.215,64.9,64.64,66.88
2025-07-23 00:00:00+00:00,DGRW,85.41,85.79,85.25,85.79,75917,6512919.430000001,85.88,173,-0.007335817419655277,-0.18566604564508604,581,true,true,true,85.83,85.52,85.635,86.94,88.98
2025-08-14 00:00:00+00:00,DIA,447.93,450.95,446.99,450.95,112718,5.08301821E7,451.48,172,-0.009945069549038732,-0.18842473642243285,597,true,true,true,449.07,448.13,456.08,459.46,455.16
2023-10-26 00:00:00+00:00,DOG,34.1,34.28,33.93,34.245,108983,3732122.8349999995,34.28,299,-0.010210035005834395,-0.0857642940490082,147,true,true,true,34.65,33.205,33.2,31.865,29.885
2024-03-04 00:00:00+00:00,DOW,55.5,57.155,55.5,57.02,628666,3.584653532E7,57.64,224,-0.037126995142262365,-0.18008327550312286,234,true,true,true,56.99,57.425,56.74,59.3,56.9
2023-12-08 00:00:00+00:00,DRH,8.39,8.63,8.38,8.6,319695,2749377.0,8.68,150,-0.034562211981566726,-0.15495391705069117,177,true,true,true,8.75,9.17,9.57,9.38,9.1
2023-11-21 00:00:00+00:00,DSGX,81.075,81.43,80.45,81.27,12429,1010104.83,82.0,152,-0.01890243902439026,-0.15103658536585374,165,true,true,true,81.05,80.78,81.82,82.66,88.42
2024-04-30 00:00:00+00:00,DUK,98.375,98.95,97.64,98.28,89226,8769131.28,100.39,255,-0.02739316665006475,-0.1725271441378624,274,true,true,true,99.81,102.24,102.28,100.425,100.56
2023-12-13 00:00:00+00:00,DVY,114.09,117.39,113.83,117.37,37362,4385177.94,119.87,166,-0.05038792024693428,-0.14357220322015518,180,true,true,true,119.03,117.39,117.71,117.99,115.62
2025-12-10 00:00:00+00:00,DVY,141.405,143.47,141.375,143.25,54668,7831191.0,144.08,258,-0.018774292059966724,-0.19447529150471965,679,true,true,true,144.54,142.18,142.57,145.63,143.25
2025-01-29 00:00:00+00:00,DX,12.89,13.01,12.79,12.86,236468,3040978.48,13.11,251,-0.024408848207475242,-0.17963850977499085,461,true,true,true,13.15,13.34,13.26,14.02,13.28
2023-10-26 00:00:00+00:00,DXD,44.66,45.08,44.105,44.99,25025,1125874.75,45.4,299,-0.02852422907488994,-0.17180616740088095,147,true,true,true,45.97,42.26,42.05,38.73,34.42
2024-05-01 00:00:00+00:00,EEM,41.07,41.475,40.98,41.06,4382822,1.7995867132000002E8,41.995,190,-0.0241695439933326,-0.13370639361828773,275,true,true,true,42.17,42.25,43.49,42.23,42.62
2025-06-09 00:00:00+00:00,EEM,47.23,47.39,47.115,47.39,2431916,1.1524849924E8,47.44,167,-0.00685075885328823,-0.1949831365935919,551,true,true,true,47.6,47.24,47.93,48.28,49.01
2024-03-07 00:00:00+00:00,EEMV,56.77,57.015,56.77,57.01,17340,988553.4,57.17,153,-0.006996676578625127,-0.1058247332517055,237,true,true,true,57.18,57.19,56.885,56.535,56.955
2025-07-22 00:00:00+00:00,EEMV,63.055,63.18,62.96,63.18,32920,2079885.6,63.395,203,-0.00686173988484895,-0.14977521886584122,580,true,true,true,63.62,62.61,62.69,63.11,64.64
2024-03-06 00:00:00+00:00,EFAV,70.21,70.44,70.17,70.27,19903,1398583.8099999998,71.0,208,-0.011690140845070363,-0.11274647887323952,236,true,true,true,70.99,70.95,71.13,69.77,70.035
2024-01-26 00:00:00+00:00,EFG,97.23,97.475,97.09,97.15,37002,3594744.3000000003,97.65,135,-0.005734767025089682,-0.15719406041986694,209,true,true,true,97.85,97.73,99.12,101.88,103.44
2025-05-16 00:00:00+00:00,EFG,107.67,108.0,107.38,107.985,60728,6557713.08,108.885,159,-0.013821922211507687,-0.18547090967534563,536,true,true,true,108.94,108.42,111.03,109.76,110.005
2024-07-17 00:00:00+00:00,EGP,184.96,188.2,184.96,185.665,27789,5159444.685,188.35,245,-0.017998407220599866,-0.1782851075126094,327,true,true,true,187.36,185.24,186.98,182.495,184.9
2024-09-05 00:00:00+00:00,ELS,73.31,73.48,72.3,72.33,71998,5207615.34,73.94,181,-0.02218014606437657,-0.1902894238571815,362,true,true,true,73.9,75.23,73.54,69.85,70.12
2024-02-06 00:00:00+00:00,ELV,489.51,495.8,487.15,493.83,56073,2.769052959E7,498.45,205,-0.022670277861370325,-0.17314675494031495,216,true,true,true,497.8,505.55,509.63,504.9,498.66
2025-08-12 00:00:00+00:00,EMB,93.82,93.82,93.495,93.685,828036,7.757455266E7,93.96,224,-0.004948914431672891,-0.08918688803746266,595,true,true,true,94.13,93.99,93.82,95.16,95.1
2025-09-16 00:00:00+00:00,EMLC,25.63,25.69,25.61,25.685,334300,8586495.5,25.75,240,-0.005436893203883519,-0.1089320388349514,619,true,true,true,25.665,25.645,25.515,25.34,25.58
2024-05-15 00:00:00+00:00,EPP,44.34,44.72,44.19,44.72,8688,388527.36,45.01,274,-0.01821817373916912,-0.15463230393245952,285,true,true,true,44.09,44.19,43.625,43.035,44.85
2024-09-13 00:00:00+00:00,EPR,46.93,48.85,46.93,48.72,30576,1489662.72,49.1,187,-0.04419551934826882,-0.1922606924643585,368,true,true,true,48.85,48.72,48.54,48.18,45.26
2024-07-15 00:00:00+00:00,ESE,117.265,119.39,117.0,117.56,14661,1723547.1600000001,119.97,137,-0.024756189047261845,-0.19342335583895975,325,true,true,true,120.805,120.49,121.37,115.93,115.65
2024-05-10 00:00:00+00:00,ESGE,33.57,33.6,33.42,33.45,15739,526469.55,33.67,197,-0.007425007425007402,-0.13394713394713398,282,true,true,true,33.665,34.37,33.725,33.295,34.75
2025-06-04 00:00:00+00:00,ESGE,37.55,37.705,37.53,37.665,16692,628704.1799999999,37.72,164,-0.005037115588547136,-0.1895546129374337,548,true,true,true,37.825,38.66,37.76,39.61,39.16
2023-11-27 00:00:00+00:00,ESGR,265.87,270.83,265.19,270.39,1937,523745.43,270.975,132,-0.021348832918166027,-0.16475689639265623,168,true,true,true,266.64,281.02,287.79,293.33,276.725
2023-12-13 00:00:00+00:00,EWA,23.04,23.61,22.98,23.61,194989,4603690.29,23.78,167,-0.033641715727502186,-0.1389823380992431,180,true,true,true,23.98,23.72,24.48,23.7,23.63
2023-12-13 00:00:00+00:00,EWG,29.08,29.51,28.94,29.48,243025,7164377.0,29.56,157,-0.02097428958051417,-0.16407307171853847,180,true,true,true,29.585,29.175,29.64,29.22,29.34
2026-01-06 00:00:00+00:00,EWG,43.175,43.185,42.98,43.12,131058,5651220.96,43.305,125,-0.007504907054612708,-0.16780735107731315,696,true,true,true,43.29,43.58,42.83,43.12,43.12
2023-12-27 00:00:00+00:00,EWJ,63.44,63.7,63.39,63.66,278373,1.772122518E7,64.105,135,-0.011153576164105838,-0.1075579127993137,189,true,true,true,64.04,63.045,65.82,65.37,69.005
2025-05-22 00:00:00+00:00,EWJ,72.17,72.545,72.13,72.18,316695,2.28590451E7,73.23,163,-0.015021166188720625,-0.18271200327734538,540,true,true,true,73.03,74.08,74.0,72.02,73.75
2024-05-15 00:00:00+00:00,EWL,48.575,48.78,48.53,48.77,17923,874104.7100000001,48.9,257,-0.007566462167689081,-0.1503067484662577,285,true,true,true,48.815,48.31,48.59,48.955,49.33
2025-03-03 00:00:00+00:00,EWL,52.26,52.61,52.08,52.31,31923,1669892.1300000001,53.035,125,-0.018006976524936325,-0.1392476666352408,483,true,true,true,52.71,52.78,53.33,51.74,53.69
2024-02-21 00:00:00+00:00,EWQ,39.49,39.72,39.475,39.705,20556,816175.98,39.95,208,-0.011889862327909895,-0.15719649561952442,226,true,true,true,40.2,40.3,40.49,41.85,39.84
2025-05-16 00:00:00+00:00,EWQ,42.11,42.27,41.98,42.23,20741,875892.4299999999,42.59,251,-0.014322610941535752,-0.17210612819910787,536,true,true,true,42.74,42.355,43.14,42.22,42.79
2024-03-22 00:00:00+00:00,EWU,33.95,33.995,33.885,33.905,152233,5161459.865,34.04,225,-0.004553466509988335,-0.11442420681551113,248,true,true,true,33.895,34.11,34.27,33.925,36.63
2024-03-20 00:00:00+00:00,EWY,65.81,66.83,65.71,66.795,235322,1.571833299E7,67.95,165,-0.03296541574687284,-0.19801324503311268,246,true,true,true,67.535,67.31,66.12,61.825,66.4
2025-10-17 00:00:00+00:00,EXC,47.545,48.07,47.385,47.79,386291,1.846084689E7,48.21,135,-0.01711263223397641,-0.15475643382352955,642,true,true,true,48.245,48.04,46.11,45.945,43.87
2024-09-27 00:00:00+00:00,EXPD,128.64,129.67,128.18,128.94,39165,5049935.1,131.16,170,-0.022720341567550983,-0.16295775747638008,378,true,true,true,131.35,120.48,122.99,119.84,121.33
2025-09-04 00:00:00+00:00,FALN,27.295,27.33,27.235,27.33,171524,4687750.92,27.42,232,-0.006746900072939543,-0.08679795769511311,611,true,true,true,27.405,27.56,27.705,27.69,27.57
2024-08-01 00:00:00+00:00,FBND,45.94,46.025,45.9,45.95,64392,2958812.4000000004,46.19,149,-0.006278415241394275,-0.09526854219948844,338,true,true,true,46.47,45.94,46.27,46.39,46.825
2023-10-25 00:00:00+00:00,FCN,183.865,185.535,182.69,183.995,42253,7774340.735,205.64,135,-0.11160280101147635,-0.18323283407897284,146,true,true,true,216.34,217.72,216.34,221.43,198.825
2024-07-24 00:00:00+00:00,FCN,227.025,231.05,226.675,230.43,8982,2069722.26,232.17,159,-0.023668001895162938,-0.19925054916655893,332,true,true,true,225.6,217.76,214.65,224.75,225.33
2023-12-13 00:00:00+00:00,FDL,34.73,35.57,34.67,35.57,80646,2868578.22,36.38,166,-0.0470038482682793,-0.13496426608026402,180,true,true,true,36.28,35.78,35.97,35.98,36.28
2024-11-12 00:00:00+00:00,FDS,481.04,487.13,479.75,484.325,27773,1.3451158225E7,488.41,164,-0.017731004688683716,-0.1980917671628345,410,true,true,true,490.91,481.34,490.81,489.995,454.94
2025-09-25 00:00:00+00:00,FE,44.225,44.57,43.875,44.26,352143,1.558584918E7,44.91,264,-0.023046092184368705,-0.16321531952794477,626,true,true,true,45.43,45.46,46.67,46.51,46.585
2024-03-27 00:00:00+00:00,FENY,25.28,25.6,25.28,25.6,36326,929945.6000000001,25.74,134,-0.017871017871017747,-0.15578865578865575,251,true,true,true,25.91,26.57,26.74,26.455,25.105
2025-02-12 00:00:00+00:00,FEZ,53.26,54.25,53.23,54.12,499381,2.702649972E7,54.8,186,-0.028649635036496313,-0.14032846715328462,471,true,true,true,54.675,54.82,53.97,55.14,51.8
2024-08-01 00:00:00+00:00,FIXD,44.27,44.43,44.27,44.375,46936,2082785.0,44.99,144,-0.016003556345854597,-0.10551663747810858,338,true,true,true,45.0,44.345,44.69,44.88,45.36
2024-01-09 00:00:00+00:00,FLJP,27.97,28.04,27.925,27.94,14760,412394.4,28.32,143,-0.013947740112994378,-0.11352401129943501,197,true,true,true,28.455,28.31,28.74,28.965,31.32
2025-05-20 00:00:00+00:00,FLJP,31.09,31.25,31.09,31.23,94058,2937431.34,31.29,279,-0.006391818472355371,-0.17656449553001285,538,true,true,true,31.0,31.52,31.77,31.595,30.905
2024-04-03 00:00:00+00:00,FNDE,27.96,28.12,27.91,28.06,49626,1392505.5599999998,28.36,170,-0.015867418899858876,-0.11354019746121291,255,true,true,true,27.975,28.18,27.235,28.305,29.675
2025-05-09 00:00:00+00:00,FNDF,37.76,37.79,37.64,37.75,56411,2129515.25,37.86,153,-0.005810882197569978,-0.15662968832540936,531,true,true,true,37.94,38.26,38.68,39.505,40.535
2024-07-09 00:00:00+00:00,FOXA,34.42,35.27,34.41,35.19,170949,6015695.31,35.355,229,-0.026728892660161208,-0.19983029274501485,321,true,true,true,35.31,36.74,37.07,38.8,41.17
2023-11-30 00:00:00+00:00,FPE,16.31,16.36,16.31,16.345,61704,1008551.8799999999,16.45,158,-0.008510638297872353,-0.06048632218844985,171,true,true,true,16.455,16.525,16.48,16.85,17.15
2025-09-09 00:00:00+00:00,FPE,18.195,18.21,18.185,18.205,108983,1984035.515,18.23,238,-0.0024684585847505325,-0.07871640153592974,614,true,true,true,18.25,18.375,18.385,18.275,18.32
2024-07-15 00:00:00+00:00,FRT,106.59,107.1,104.0,104.0,23257,2418728.0,107.56,144,-0.033097805875790254,-0.18142693190512627,325,true,true,true,108.685,110.83,110.85,111.705,116.6
2024-11-06 00:00:00+00:00,FSK,20.5,20.83,20.425,20.83,81414,1695853.6199999999,20.99,212,-0.026917579799904612,-0.12767984754645068,406,true,true,true,20.93,21.155,21.5,21.31,21.79
2024-01-25 00:00:00+00:00,FSV,163.76,166.09,163.76,166.015,3741,621062.115,166.11,125,-0.014147251821082563,-0.18451628438986212,208,true,true,true,167.15,170.95,165.91,164.64,165.76
2024-07-24 00:00:00+00:00,FSV,166.65,166.65,163.33,163.74,8114,1328586.36,172.02,121,-0.050517381699802355,-0.18451628438986212,332,true,true,true,174.31,174.4,167.61,174.09,180.245
2025-08-19 00:00:00+00:00,FTCS,92.72,93.51,92.71,93.235,13004,1212427.94,94.18,179,-0.015608409428753633,-0.14259927797833938,600,true,true,true,93.53,92.86,92.905,92.74,92.965
2024-08-19 00:00:00+00:00,FTSM,59.925,59.93,59.92,59.925,20125,1205990.625,59.935,139,-2.5027112705433563E-4,-0.03288295621032078,350,true,true,true,59.945,60.02,59.855,60.04,59.95
2025-09-11 00:00:00+00:00,FTSM,60.02,60.03,60.015,60.03,35871,2153336.13,60.17,125,-0.0025760345687220187,-0.029464431059742835,616,true,true,true,60.04,60.06,60.065,59.97,59.95
2024-03-01 00:00:00+00:00,FVD,40.94,41.1,40.82,41.07,77535,3184362.45,41.24,151,-0.010184287099903044,-0.12657613967022308,233,true,true,true,41.285,41.59,41.38,41.905,41.08
2025-08-21 00:00:00+00:00,FVD,46.23,46.355,46.18,46.265,15659,724463.635,46.82,180,-0.01366937206322083,-0.14416915847928236,602,true,true,true,46.87,46.3,46.305,45.88,45.84
2025-08-27 00:00:00+00:00,GATX,164.095,166.56,164.095,166.07,6889,1144056.23,168.65,132,-0.02700859768751862,-0.1730210495108213,606,true,true,true,170.09,168.495,171.365,174.43,161.975
2023-11-29 00:00:00+00:00,GBIL,100.15,100.16,100.15,100.16,31716,3176674.56,100.165,168,-1.497529077022497E-4,-0.006639045574801661,170,true,true,true,100.205,99.815,99.935,99.73,100.13
2024-08-29 00:00:00+00:00,GBIL,100.18,100.185,100.18,100.18,24661,2470538.98,100.205,186,-2.4948854847550717E-4,-0.00574052812858783,357,true,true,true,100.23,99.945,100.055,100.295,100.15
2023-10-06 00:00:00+00:00,GD,215.68,220.82,214.53,219.95,43234,9509318.299999999,233.37,129,-0.08073017097313284,-0.13172215794660846,133,true,true,true,239.89,243.08,234.95,243.195,252.21
2025-01-29 00:00:00+00:00,GIB,113.025,116.69,112.98,114.715,16768,1923541.12,118.83,220,-0.049229992426155,-0.18404443322393338,461,true,true,true,119.03,120.08,120.72,110.28,99.27
2024-01-18 00:00:00+00:00,GILD,85.65,86.545,85.33,86.44,415044,3.587640336E7,87.365,185,-0.023293080753161943,-0.1659131231042178,203,true,true,true,87.29,80.23,78.14,73.36,73.73
2024-02-29 00:00:00+00:00,GLD,187.96,189.91,187.96,189.24,484080,9.16072992E7,193.26,207,-0.027424195384456063,-0.13096346890199728,232,true,true,true,193.1,200.03,200.33,206.65,216.54
2024-03-01 00:00:00+00:00,GLDM,40.73,41.4,40.565,41.31,76312,3152448.72,41.59,208,-0.02464534743928848,-0.13440730944938695,233,true,true,true,41.96,43.19,42.765,44.5,46.32
2024-02-05 00:00:00+00:00,GNTX,33.825,33.94,33.565,33.89,105784,3585019.7600000002,34.33,125,-0.022283716865715175,-0.18846489950480627,215,true,true,true,34.52,35.18,35.11,37.11,36.02
2024-08-01 00:00:00+00:00,GOVT,22.995,23.065,22.995,23.04,667293,1.5374430719999999E7,23.18,293,-0.00798101811906815,-0.08689217758985202,338,true,true,true,23.34,23.075,23.18,23.3,23.5
2024-04-04 00:00:00+00:00,GSG,22.58,22.86,22.51,22.77,53999,1229557.23,22.955,136,-0.019385754737529792,-0.1539969505554344,256,true,true,true,22.84,22.68,22.26,21.85,21.94
2025-01-14 00:00:00+00:00,GSG,22.82,22.88,22.78,22.855,15439,352858.34500000003,23.07,189,-0.01257043779800604,-0.1539969505554344,451,true,true,true,23.31,22.86,22.54,22.675,21.95
2024-01-02 00:00:00+00:00,GSK,36.88,37.575,36.825,37.52,302543,1.1351413360000001E7,38.32,181,-0.039013569937369486,-0.12969728601252606,192,true,true,true,38.91,39.76,39.78,39.43,41.88
2024-08-12 00:00:00+00:00,GSY,50.14,50.15,50.135,50.15,5723,287008.45,50.15,163,-2.9910269192423566E-4,-0.008773678963110654,345,true,true,true,50.175,50.0,50.07,50.255,50.18
2025-09-16 00:00:00+00:00,GSY,50.34,50.35,50.34,50.345,15343,772443.335,50.365,246,-4.963764519011482E-4,-0.010225354909163098,619,true,true,true,50.36,50.205,50.235,50.335,50.315
2024-07-30 00:00:00+00:00,GVI,104.85,105.03,104.85,105.01,1345,141238.45,105.12,123,-0.0025684931506850806,-0.05555555555555558,336,true,true,true,105.4,105.8,106.15,106.515,107.17
2025-09-04 00:00:00+00:00,GVI,107.125,107.29,107.12,107.29,22925,2459623.25,107.49,242,-0.003442180667968975,-0.08028653828263088,611,true,true,true,107.525,107.715,107.55,107.425,107.58
2024-09-19 00:00:00+00:00,GWW,1024.37,1032.39,1022.64,1030.52,10327,1.064218004E7,1034.18,125,-0.011158599083331833,-0.1687373662673176,372,true,true,true,1032.33,1044.455,1029.06,1119.95,1175.88
2024-09-23 00:00:00+00:00,HD,390.5,392.345,387.14,391.94,92555,3.62760067E7,396.86,127,-0.02449226427455531,-0.18854252927954573,374,true,true,true,400.83,405.08,407.4,406.53,410.45
2024-02-15 00:00:00+00:00,HDV,103.14,104.75,103.13,104.68,54677,5723588.36,104.85,140,-0.016404387219837835,-0.10834525512637105,223,true,true,true,104.63,105.98,105.91,107.63,106.48
2025-01-22 00:00:00+00:00,HEFA,35.98,35.98,35.865,35.87,23544,844523.2799999999,35.995,168,-0.0036116127239893547,-0.12098902625364627,456,true,true,true,36.125,36.245,36.435,36.925,37.235
2025-01-13 00:00:00+00:00,HESM,38.14,38.89,38.11,38.89,58198,2263320.22,39.07,123,-0.024571282313795795,-0.12541592014333247,450,true,true,true,40.06,41.08,40.95,39.355,40.62
2024-07-17 00:00:00+00:00,HLN,8.83,8.94,8.83,8.915,168645,1503470.1749999998,8.98,296,-0.016703786191536785,-0.14925373134328357,327,true,true,true,8.915,8.96,9.14,9.77,10.375
2025-05-01 00:00:00+00:00,HLN,10.46,10.5,10.295,10.32,989430,1.02109176E7,10.795,147,-0.04631773969430297,-0.17924965261695236,525,true,true,true,10.695,10.57,10.675,11.35,10.365
2023-06-01 00:00:00+00:00,HOMB,21.49,22.01,21.42,22.0,146783,3229226.0,22.39,299,-0.04332291201429206,-0.1170165252344797,45,true,true,true,23.25,23.77,23.67,22.8,24.31
2024-06-06 00:00:00+00:00,HON,208.75,210.24,207.68,208.44,95889,1.998710316E7,210.84,228,-0.014987668374122576,-0.17041358376019733,300,true,true,true,208.785,208.57,214.95,211.55,199.78
2024-04-29 00:00:00+00:00,HSBC,42.21,42.345,42.11,42.185,89371,3770115.6350000002,42.46,187,-0.00824305228450306,-0.168629298162977,273,true,true,true,43.6,44.79,43.96,44.19,43.71
2024-02-15 00:00:00+00:00,HTGC,17.63,17.86,17.63,17.73,104115,1845958.95,18.04,133,-0.022727272727272707,-0.16712860310421285,223,true,true,true,18.6,18.62,18.03,18.06,17.96
2024-07-15 00:00:00+00:00,HYG,78.04,78.06,77.905,77.98,2046106,1.5955534588E8,78.08,136,-0.002241290983606481,-0.05360443622920508,325,true,true,true,78.27,78.255,78.235,77.99,79.17
2025-06-26 00:00:00+00:00,HYG,80.26,80.38,80.2,80.38,2354685,1.8926958029999998E8,80.39,185,-0.002363478044532852,-0.06704814031595974,563,true,true,true,80.34,80.36,80.02,80.4,80.845
2025-07-29 00:00:00+00:00,HYLB,36.84,36.845,36.805,36.82,59207,2180001.74,36.935,206,-0.003519696764586522,-0.07107080005414923,585,true,true,true,36.75,36.695,36.76,36.99,37.09
2024-06-12 00:00:00+00:00,HYMB,25.655,25.67,25.61,25.62,75812,1942303.4400000002,25.75,216,-0.005436893203883519,-0.10834951456310671,304,true,true,true,25.785,25.71,25.565,25.82,25.86
2023-11-15 00:00:00+00:00,IAGG,49.51,49.53,49.435,49.5,15779,781060.5,49.7,153,-0.005331991951710302,-0.026861167002012132,161,true,true,true,49.72,49.925,50.02,49.31,49.375
2024-07-31 00:00:00+00:00,IAGG,50.86,50.95,50.82,50.95,32500,1655875.0,51.055,157,-0.004602879247869951,-0.037312701988052144,337,true,true,true,51.05,51.09,51.4,51.32,51.85
2024-03-01 00:00:00+00:00,IAU,38.89,39.49,38.69,39.4,950568,3.7452379199999996E7,39.8,208,-0.02788944723618092,-0.13793969849246224,233,true,true,true,40.035,41.22,40.79,42.56,44.16
2023-11-30 00:00:00+00:00,IAUM,20.29,20.37,20.29,20.37,11950,243421.5,20.63,146,-0.016480853126514816,-0.12312166747455155,171,true,true,true,20.68,20.27,20.32,20.595,20.325
2023-12-14 00:00:00+00:00,IBB,132.9,133.62,131.97,132.77,216918,2.8800202860000003E7,133.83,167,-0.0138982290966152,-0.16431293431965932,181,true,true,true,131.75,130.94,137.59,135.92,132.32
2024-07-26 00:00:00+00:00,ICSH,50.595,50.605,50.595,50.605,7683,388798.21499999997,50.61,122,-2.9638411381149865E-4,-0.006224066390041472,334,true,true,true,50.615,50.5,50.545,50.665,50.71
2025-10-28 00:00:00+00:00,ICSH,50.755,50.76,50.755,50.76,58494,2969155.44,50.76,271,-9.85027580771014E-5,-0.008372734436564166,649,true,true,true,50.75,50.58,50.63,50.725,50.52
2024-08-02 00:00:00+00:00,IEF,97.69,97.75,97.13,97.72,1394263,1.3624738035999998E8,98.37,294,-0.012605469147097814,-0.11836491715447972,339,true,true,true,97.73,96.63,97.06,97.22,98.09
2024-07-31 00:00:00+00:00,IEI,117.29,117.67,117.1,117.65,112835,1.327503775E7,117.78,124,-0.005773475972151498,-0.06791001087229231,337,true,true,true,117.78,118.23,118.8,118.99,119.585
2025-09-16 00:00:00+00:00,IEI,120.02,120.115,120.0,120.09,105629,1.2684986610000001E7,120.27,250,-0.002244948865053553,-0.04785066932734672,619,true,true,true,119.76,119.74,119.55,120.0,119.72
2024-04-03 00:00:00+00:00,IEMG,51.73,52.045,51.6,51.925,856588,4.44783319E7,52.295,170,-0.013289989482742182,-0.12840615737642225,255,true,true,true,51.745,51.83,50.01,51.67,53.04
2025-06-06 00:00:00+00:00,IEMG,58.3,58.5,58.23,58.475,408948,2.39132343E7,59.0,169,-0.01305084745762719,-0.19838983050847459,550,true,true,true,58.93,58.715,58.04,60.1,60.73
2023-12-13 00:00:00+00:00,IEUR,53.575,54.29,53.29,54.26,156551,8494457.26,54.81,162,-0.027732165663200248,-0.14048531289910604,180,true,true,true,54.9,53.84,54.97,54.28,54.66
2023-12-13 00:00:00+00:00,IEV,51.48,52.15,51.23,52.115,15732,819873.18,52.36,157,-0.02158135981665399,-0.13235294117647056,180,true,true,true,52.61,51.75,52.79,52.18,52.53
2024-05-07 00:00:00+00:00,IGF,48.95,49.07,48.86,48.98,26099,1278329.02,49.22,269,-0.007314099959366049,-0.17939861844778537,279,true,true,true,49.41,50.28,50.68,50.23,48.75
2024-07-26 00:00:00+00:00,IGIB,51.95,52.0,51.91,51.985,173018,8994340.73,52.24,145,-0.0063169984686065606,-0.12023078354736638,334,true,true,true,52.075,52.805,52.475,53.32,53.785
2025-09-04 00:00:00+00:00,IGIB,53.63,53.8,53.605,53.795,269982,1.4523681690000001E7,54.04,240,-0.008049592894152524,-0.06513693560325673,611,true,true,true,54.0,54.305,54.205,54.125,54.13
2023-12-26 00:00:00+00:00,IGLB,52.39,52.61,52.39,52.57,18999,998777.43,53.08,181,-0.012999246420497323,-0.16164280331574976,188,true,true,true,53.28,52.12,51.01,51.69,50.95
2024-09-05 00:00:00+00:00,IGLB,53.07,53.32,52.855,53.31,62574,3335819.94,53.32,173,-0.008720930232558155,-0.16164280331574976,362,true,true,true,53.2,53.6,53.86,53.07,51.1
2023-12-12 00:00:00+00:00,IGSB,50.6,50.665,50.57,50.66,370938,1.879171908E7,50.815,153,-0.004821411000688669,-0.028633277575519034,179,true,true,true,51.06,50.99,51.27,51.32,51.14
2025-06-27 00:00:00+00:00,IGSB,52.66,52.725,52.65,52.695,190063,1.0015369785E7,52.74,189,-0.0017064846416382506,-0.024838832006067513,564,true,true,true,52.76,52.435,52.45,52.62,52.885
2024-07-15 00:00:00+00:00,IJS,102.18,103.54,101.93,102.79,10994,1130073.26,105.01,136,-0.029330539948576262,-0.18940069341258048,325,true,true,true,106.52,105.75,107.36,99.65,101.79
2023-12-12 00:00:00+00:00,IQLT,36.19,36.32,36.13,36.32,25975,943412.0,36.71,149,-0.015799509670389456,-0.12040315990193418,179,true,true,true,36.91,37.38,37.65,36.92,37.76
2025-05-01 00:00:00+00:00,IQLT,41.27,41.295,41.03,41.07,93930,3857705.1,41.915,147,-0.021114159608731864,-0.1523321006799475,525,true,true,true,41.9,41.63,42.295,42.815,43.215
2023-12-20 00:00:00+00:00,ISTB,47.39,47.44,47.375,47.435,205225,9734847.875,47.48,159,-0.0022114574557707822,-0.03180286436394264,185,true,true,true,47.46,47.53,47.395,47.485,47.31
2024-10-08 00:00:00+00:00,ISTB,48.155,48.21,48.155,48.21,9314,449027.94,49.49,133,-0.026975146494241264,-0.05475853707819767,385,true,true,true,48.16,48.255,48.145,47.9,48.01
2024-11-05 00:00:00+00:00,ITW,262.69,266.96,262.4,266.27,33385,8889423.95,271.13,157,-0.03219857632869849,-0.17400355804534617,405,true,true,true,275.54,271.145,267.69,275.85,252.35
2024-08-01 00:00:00+00:00,IUSB,46.05,46.17,46.05,46.12,34201,1577350.1199999999,46.265,149,-0.004647141467632232,-0.08658798283261815,338,true,true,true,46.61,46.13,46.44,46.73,47.235
2025-09-30 00:00:00+00:00,IVE,205.84,206.6,205.09,206.46,20823,4299116.58,206.71,207,-0.007837066421556793,-0.19795849257413778,629,true,true,true,207.06,207.835,205.67,210.66,209.31
2025-08-21 00:00:00+00:00,IWD,198.27,198.92,197.84,198.43,240627,4.774761561E7,200.405,180,-0.012799081859235062,-0.1855492627429456,602,true,true,true,201.82,201.63,201.6,202.77,202.82
2024-03-20 00:00:00+00:00,IXC,41.88,42.29,41.865,42.21,22483,949007.43,42.35,126,-0.011452184179456926,-0.1258559622195985,246,true,true,true,42.25,42.57,44.27,43.05,43.36
2024-02-15 00:00:00+00:00,IXUS,64.645,64.99,64.645,64.99,97496,6336265.039999999,65.25,138,-0.009272030651341079,-0.1256704980842912,223,true,true,true,65.1,66.05,66.45,67.08,65.82
2025-05-02 00:00:00+00:00,IXUS,73.26,73.34,73.05,73.22,186906,1.368525732E7,73.53,148,-0.006527947776417853,-0.1622467020263838,526,true,true,true,73.51,73.28,74.72,76.25,77.37
2024-03-27 00:00:00+00:00,IYE,48.21,48.87,48.21,48.87,28969,1415715.03,49.08,134,-0.01772616136919314,-0.15525672371638133,251,true,true,true,49.38,50.665,51.01,50.455,48.02
2024-07-15 00:00:00+00:00,IYR,92.0,92.25,91.42,92.11,553828,5.101309708E7,93.0,143,-0.016989247311827937,-0.19326986938233348,325,true,true,true,93.11,93.77,93.995,94.78,102.11
2024-01-19 00:00:00+00:00,IYZ,22.81,23.03,22.75,23.015,21043,484304.645,23.19,200,-0.018973695558430426,-0.14359637774902978,204,true,true,true,23.25,23.78,23.225,21.97,21.74
2024-09-11 00:00:00+00:00,IYZ,23.39,23.685,23.17,23.685,28359,671682.9149999999,23.94,155,-0.032163742690058506,-0.15037593984962416,366,true,true,true,23.95,24.335,24.915,25.7,26.775
2024-09-24 00:00:00+00:00,J,148.51,150.53,148.5,150.53,42416,6384880.48,154.5,123,-0.03883495145631066,-0.1471668786208845,375,true,true,true,154.98,132.05,137.33,141.75,133.6
2024-02-16 00:00:00+00:00,JCPB,46.095,46.18,46.09,46.17,9003,415668.51,47.84,217,-0.03658026755852839,-0.09134615384615397,224,true,true,true,46.23,46.26,46.285,46.2,45.26
2024-09-05 00:00:00+00:00,JCPB,48.05,48.08,47.93,48.07,23860,1146950.2,48.08,137,-0.0031198003327786994,-0.09134615384615397,362,true,true,true,48.13,48.29,48.38,47.91,46.84
2025-04-04 00:00:00+00:00,JCPB,47.38,47.465,47.15,47.15,39426,1858935.9,48.54,137,-0.02863617634940252,-0.06633704161516274,507,true,true,true,46.57,45.91,46.08,46.31,46.18
2024-01-26 00:00:00+00:00,JEPI,55.84,55.95,55.84,55.94,118204,6612331.76,56.05,126,-0.0037466547725244492,-0.08296164139161466,209,true,true,true,56.1,56.17,56.12,56.9,57.47
2024-08-01 00:00:00+00:00,JMBS,45.64,45.785,45.64,45.75,9507,434945.25,46.15,149,-0.011050920910075757,-0.1176844783715012,338,true,true,true,46.21,45.76,45.97,46.35,46.78
2023-12-15 00:00:00+00:00,JMST,50.78,50.79,50.755,50.765,7858,398911.37,50.8,179,-8.858267716533863E-4,-0.010826771653543288,182,true,true,true,50.805,50.825,50.695,50.72,50.7
2024-08-19 00:00:00+00:00,JMST,50.855,50.865,50.855,50.86,3011,153139.46,50.88,161,-4.913522012579552E-4,-0.022798742138364858,350,true,true,true,50.88,50.92,50.81,50.87,50.82
2025-07-17 00:00:00+00:00,JMST,50.905,50.91,50.9,50.91,22707,1156013.3699999999,51.83,194,-0.017943276094925742,-0.027011383368705344,577,true,true,true,53.79,50.935,50.99,50.98,51.04
2023-12-26 00:00:00+00:00,JMUB,51.03,51.065,51.03,51.055,11503,587285.665,51.075,174,-8.810572687224516E-4,-0.06823299069995103,185,true,true,true,51.15,50.985,50.945,50.635,50.76
2024-08-02 00:00:00+00:00,JMUB,51.06,51.1,51.01,51.08,9583,489499.63999999996,51.185,150,-0.0034189704014848665,-0.06823299069995103,336,true,true,true,51.115,50.835,50.87,50.9,51.28
2026-01-06 00:00:00+00:00,JMUB,50.57,50.615,50.555,50.615,36034,1823860.9100000001,51.015,269,-0.009016955797314541,-0.08838623835772663,693,true,true,true,52.78,50.765,50.715,50.615,50.615
2025-03-03 00:00:00+00:00,JNJ,164.59,167.31,164.5,166.76,586067,9.773253292E7,168.85,122,-0.02576251110453065,-0.18655529037390606,483,true,true,true,165.66,167.68,162.89,161.63,155.855
2024-07-15 00:00:00+00:00,JNK,95.29,95.3,95.11,95.22,256562,2.442983364E7,95.59,136,-0.005021445757924514,-0.05894962486602362,325,true,true,true,95.605,95.52,95.47,95.1,96.49
2025-09-12 00:00:00+00:00,JNK,97.78,97.79,97.65,97.7,454573,4.44117821E7,97.86,245,-0.0021459227467810482,-0.0760269773145309,617,true,true,true,97.975,98.1,97.865,96.35,96.78
2025-06-27 00:00:00+00:00,JNPR,36.87,37.2,36.75,36.84,301351,1.1101770840000002E7,39.44,158,-0.06820486815415816,-0.16886409736308305,564,true,true,true,39.91,36.84,36.84,36.84,36.84
2023-12-20 00:00:00+00:00,JPST,50.355,50.365,50.35,50.36,136167,6857370.12,50.39,179,-7.938082952966274E-4,-0.00902956935899979,185,true,true,true,50.395,50.22,50.26,50.39,50.375
2025-09-29 00:00:00+00:00,JPST,50.735,50.74,50.73,50.735,635447,3.2239403544999998E7,50.745,249,-2.9559562518477467E-4,-0.008375209380234505,628,true,true,true,50.735,50.62,50.655,50.75,50.725
2025-11-03 00:00:00+00:00,K,82.9,83.1,82.89,83.07,83750,6957112.499999999,83.16,169,-0.0032467532467531646,-0.08032708032708025,653,true,true,true,83.19,83.32,83.33,83.13,83.07
2024-03-20 00:00:00+00:00,KMI,17.85,18.12,17.83,18.01,695642,1.2528512420000002E7,18.3,166,-0.02568306010928978,-0.13142076502732247,246,true,true,true,18.11,18.17,18.435,18.22,19.6
2025-04-02 00:00:00+00:00,KO,72.0,72.35,71.02,71.02,708809,5.033961518E7,73.52,144,-0.034004352557127304,-0.17546245919477688,505,true,true,true,73.05,70.13,71.8,71.33,72.11
2024-03-05 00:00:00+00:00,KR,49.62,50.205,49.45,49.47,396824,1.963088328E7,50.35,197,-0.01787487586891756,-0.16385302879841113,235,true,true,true,50.3,55.305,56.49,57.75,54.77
2024-11-05 00:00:00+00:00,KR,56.255,57.48,56.25,57.42,190169,1.091950398E7,58.335,150,-0.03574183594754432,-0.16385302879841113,405,true,true,true,59.79,59.69,58.1,60.07,61.47
2024-07-29 00:00:00+00:00,KRG,24.06,24.27,24.0,24.15,118392,2859166.8,24.32,245,-0.013157894736842146,-0.19263980263157887,335,true,true,true,25.51,23.705,24.13,25.96,26.76
2023-12-20 00:00:00+00:00,LMBS,48.21,48.31,48.2,48.305,36389,1757770.645,48.39,159,-0.003926431080801818,-0.03740442240132258,185,true,true,true,48.36,48.325,48.23,48.36,48.15
2024-07-10 00:00:00+00:00,LMBS,48.36,48.48,48.36,48.44,27968,1354769.92,48.54,122,-0.003708281829419069,-0.03740442240132258,322,true,true,true,48.55,48.69,48.45,48.94,49.27
2025-08-28 00:00:00+00:00,LMBS,49.56,49.61,49.545,49.61,12852,637587.72,49.61,234,-0.0013102197137673244,-0.04251423921887709,607,true,true,true,49.59,49.795,49.91,49.705,49.97
2024-07-17 00:00:00+00:00,LNG,179.3,182.34,179.04,181.56,128145,2.32660062E7,183.405,155,-0.023799787355851865,-0.17014258062757293,327,true,true,true,182.02,175.25,182.66,184.16,177.22
2024-07-17 00:00:00+00:00,LNT,55.0,55.94,54.905,55.67,111819,6224963.73,56.26,245,-0.024084607180945516,-0.19747600426590828,327,true,true,true,55.02,55.66,55.66,56.48,58.9
2023-11-02 00:00:00+00:00,LOPE,120.1,122.82,118.67,121.8,19927,2427108.6,124.44,127,-0.046367727418836324,-0.1946319511411122,152,true,true,true,137.13,137.31,134.66,137.71,131.89
2023-12-26 00:00:00+00:00,LQD,110.11,110.395,110.095,110.32,457009,5.0417232879999995E7,110.99,180,-0.008063789530588283,-0.11487521398324174,188,true,true,true,111.36,109.64,109.52,109.35,108.14
2024-08-16 00:00:00+00:00,LQD,110.98,111.255,110.44,111.195,2173431,2.41674660045E8,111.4,160,-0.008617594254937244,-0.11487521398324174,349,true,true,true,111.45,112.18,111.29,113.695,110.815
2024-08-01 00:00:00+00:00,MBB,93.86,94.18,93.83,94.02,145902,1.371770604E7,94.545,149,-0.0075625363583479155,-0.11434209159829689,338,true,true,true,95.22,94.09,94.63,95.31,96.14
2024-09-25 00:00:00+00:00,MCD,300.585,301.48,298.35,300.53,116171,3.4912870629999995E7,302.2,171,-0.012739907346128287,-0.1940436796823295,376,true,true,true,304.0,304.1,303.88,298.67,290.67
2025-10-02 00:00:00+00:00,MDT,94.395,95.73,94.0,95.48,356269,3.4016564120000005E7,96.23,143,-0.02317364647199427,-0.1733347189026292,631,true,true,true,97.71,96.48,95.03,90.98,105.21
2023-12-15 00:00:00+00:00,MEOH,45.61,46.25,45.26,46.095,43007,1982407.665,47.62,178,-0.04955900881982356,-0.19739605207895838,182,true,true,true,47.02,48.82,47.255,43.47,45.1
2024-05-01 00:00:00+00:00,MKL,1468.7,1484.45,1464.595,1477.01,3766,5562419.66,1558.82,154,-0.0604463632747847,-0.1686018911740932,275,true,true,true,1576.855,1617.03,1635.89,1621.48,1578.25
2024-05-08 00:00:00+00:00,MMS,83.8,84.41,83.65,84.16,19479,1639352.64,89.28,200,-0.0630600358422938,-0.18906810035842292,280,true,true,true,83.72,87.08,85.8,86.13,84.655
2024-07-11 00:00:00+00:00,MO,46.93,47.135,46.61,47.08,486725,2.2915013E7,47.75,299,-0.02387434554973822,-0.18655007287112224,323,true,true,true,47.74,49.335,50.0,50.45,53.7
2025-12-03 00:00:00+00:00,MPLX,54.365,54.89,54.06,54.83,38398,2105362.34,54.96,180,-0.01637554585152834,-0.18722707423580787,674,true,true,true,55.93,55.135,54.47,53.87,54.83
2024-01-08 00:00:00+00:00,MRK,116.94,117.9,116.19,117.38,400122,4.696632036E7,119.64,171,-0.02883650952858574,-0.17636242059511864,196,true,true,true,118.42,118.49,120.0,126.88,123.75
2023-12-26 00:00:00+00:00,MUB,108.27,108.41,108.24,108.32,150121,1.6261106719999999E7,108.635,178,-0.0036360289041286187,-0.07221429557693193,188,true,true,true,108.75,108.29,108.29,107.84,107.98
2024-12-06 00:00:00+00:00,MUB,108.57,108.59,108.425,108.555,212429,2.3060230095000003E7,108.82,238,-0.003629847454512003,-0.07221429557693193,427,true,true,true,108.4,107.29,106.2,106.425,106.93
2023-12-27 00:00:00+00:00,NDAQ,57.56,58.01,57.39,58.01,112011,6497758.109999999,58.03,140,-0.01102877821816306,-0.1921419955195588,189,true,true,true,58.26,56.04,56.55,58.62,56.19
2024-08-01 00:00:00+00:00,NEAR,50.59,50.645,50.59,50.64,11784,596741.76,50.8,126,-0.004133858267716395,-0.018110236220472364,338,true,true,true,50.825,50.765,50.775,51.005,51.285
2025-09-15 00:00:00+00:00,NEAR,51.28,51.29,51.265,51.28,31110,1595320.8,51.315,243,-9.743739647276595E-4,-0.020169541069862573,618,true,true,true,51.32,51.28,51.265,51.19,51.14
2024-02-28 00:00:00+00:00,NOBL,96.54,97.05,96.47,96.83,9335,903908.0499999999,97.31,149,-0.008632206350837612,-0.13811530161340047,231,true,true,true,97.21,97.83,99.495,101.07,97.23
2026-01-13 00:00:00+00:00,NOBL,108.03,108.38,107.57,108.185,24441,2644149.585,108.78,280,-0.011123368266225508,-0.17475638904210333,701,true,true,true,109.42,109.635,108.665,108.185,108.185
2023-10-12 00:00:00+00:00,NOC,474.07,479.38,471.07,477.41,56784,2.710924944E7,483.35,123,-0.025406020482052427,-0.14207096307023903,137,true,true,true,490.22,490.03,477.79,461.07,476.4
2024-08-01 00:00:00+00:00,NOC,486.155,494.65,483.4,493.0,49745,2.4524285E7,496.76,198,-0.02689427490136087,-0.1569369514453659,338,true,true,true,494.655,491.58,503.14,519.42,526.77
2023-06-23 00:00:00+00:00,ODP,40.57,45.46,40.57,45.0,119181,5363145.0,45.53,299,-0.10893916099275203,-0.13441686799912156,60,true,true,true,45.2,46.83,47.8,48.8,48.91
2025-10-14 00:00:00+00:00,OGE,46.02,46.68,46.005,46.54,64517,3002621.18,46.92,133,-0.019501278772378505,-0.13000852514919015,639,true,true,true,47.04,46.66,45.39,45.38,42.88
2024-11-07 00:00:00+00:00,OMFL,54.98,55.27,54.95,55.2,22972,1268054.4000000001,55.31,155,-0.006508768757909955,-0.15367926233954077,407,true,true,true,55.49,54.825,54.62,56.38,54.38
2024-10-04 00:00:00+00:00,ORLY,1156.3,1158.47,1142.575,1154.37,17790,2.0536242299999997E7,1168.91,135,-0.022529536063512157,-0.18966815238127832,383,true,true,true,1151.37,1187.8,1211.005,1145.84,1248.02
2024-01-30 00:00:00+00:00,OTIS,89.01,89.96,88.83,89.96,160055,1.4398547799999999E7,91.29,128,-0.026947091685836422,-0.196735677511228,211,true,true,true,88.43,91.93,90.08,94.96,99.87
2023-11-30 00:00:00+00:00,OUNZ,19.73,19.745,19.66,19.7,106370,2095489.0,19.925,145,-0.013299874529485556,-0.12020075282308651,171,true,true,true,20.04,19.63,19.7,19.96,19.69
2024-04-01 00:00:00+00:00,OXY,65.19,66.53,64.57,66.45,532233,3.536688285E7,67.66,136,-0.04566952409104352,-0.18526455808454034,253,true,true,true,67.32,68.75,68.47,68.24,62.15
2024-06-25 00:00:00+00:00,PAYX,126.295,126.46,124.82,126.2,165867,2.0932415400000002E7,129.65,229,-0.037254145777092296,-0.18017740069417665,312,true,true,true,117.5,118.385,116.97,123.25,127.02
2023-12-12 00:00:00+00:00,PBA,33.35,33.99,33.15,33.99,145760,4954382.4,34.18,167,-0.030134581626682255,-0.1761263897015799,179,true,true,true,34.19,33.65,34.37,34.32,33.58
2024-02-07 00:00:00+00:00,PBH,62.41,63.24,62.34,62.92,15962,1004329.04,68.57,127,-0.09085605950123943,-0.1782120460842933,217,true,true,true,68.79,67.745,69.44,72.6,69.175
2026-01-13 00:00:00+00:00,PDBC,13.83,13.915,13.83,13.86,189379,2624792.94,14.0,141,-0.012142857142857122,-0.17497421794431078,701,true,true,true,13.88,14.09,14.81,13.86,13.86
2024-09-11 00:00:00+00:00,PECO,37.17,37.865,36.875,37.4,43549,1628732.5999999999,37.89,185,-0.026788070731063596,-0.19134336236474003,366,true,true,true,38.37,38.45,38.15,36.22,39.07
2024-03-07 00:00:00+00:00,PEG,65.17,65.375,64.55,65.26,226771,1.479907546E7,65.45,158,-0.013750954927425618,-0.17906799083269676,237,true,true,true,64.255,64.0,63.82,66.51,70.45
2024-01-09 00:00:00+00:00,PFF,31.36,31.49,31.32,31.415,275830,8665199.45,31.52,187,-0.006345177664974555,-0.10691624365482233,197,true,true,true,31.44,31.32,31.68,31.705,32.19
2024-01-24 00:00:00+00:00,PGX,11.67,11.675,11.63,11.65,157266,1832148.9000000001,11.745,190,-0.009791400595998145,-0.13707960834397614,207,true,true,true,11.79,11.85,11.75,11.78,12.02
2023-11-30 00:00:00+00:00,PHYS,15.87,15.88,15.83,15.85,69817,1106599.45,16.095,145,-0.016464740602671557,-0.13016464740602662,171,true,true,true,16.12,15.76,15.845,15.91,15.78
2024-05-31 00:00:00+00:00,PM,99.42,101.51,99.42,101.47,277090,2.81163223E7,101.91,281,-0.024433323520753558,-0.1439505445981749,296,true,true,true,102.98,103.65,102.21,101.24,114.83
2024-01-05 00:00:00+00:00,POST,90.95,92.33,90.44,91.235,44424,4053023.64,92.71,168,-0.024484953079495164,-0.14917484629489808,195,true,true,true,92.66,93.16,91.7,103.77,103.28
2023-05-24 00:00:00+00:00,PRGS,58.6,59.15,58.13,58.97,22255,1312377.3499999999,59.95,299,-0.03035863219349455,-0.11359466221851544,40,true,true,true,59.89,58.78,59.97,55.05,58.0
2025-06-04 00:00:00+00:00,PSLV,11.54,11.625,11.52,11.575,1590082,1.840519915E7,11.78,153,-0.022071307300509324,-0.18505942275042442,548,true,true,true,11.91,12.17,12.345,12.54,12.54
2024-11-05 00:00:00+00:00,PTC,185.67,190.0,185.67,189.99,70699,1.343210301E7,194.19,158,-0.04387455584736599,-0.1540759050414542,405,true,true,true,198.05,192.875,189.31,201.19,184.57
2025-08-28 00:00:00+00:00,PULS,49.79,49.8,49.79,49.8,94265,4694397.0,49.805,229,-3.011745808654265E-4,-0.009135628952916308,607,true,true,true,49.825,49.69,49.725,49.81,49.79
2025-06-26 00:00:00+00:00,PVAL,39.63,40.035,39.63,40.0,54011,2160440.0,40.06,141,-0.010733899151273096,-0.18097853220169746,531,true,true,true,40.15,41.05,40.9,41.28,41.82
2023-12-20 00:00:00+00:00,PZA,24.02,24.09,23.975,24.09,50391,1213919.19,24.09,175,-0.0047737650477376325,-0.09962640099626396,185,true,true,true,24.13,25.3,24.13,23.82,23.84
2024-09-18 00:00:00+00:00,QYLD,18.01,18.1,17.95,18.0,373844,6729192.0,18.15,292,-0.011019283746556474,-0.12341597796143244,371,true,true,true,18.12,17.99,17.96,18.24,18.54
2024-07-16 00:00:00+00:00,REET,24.46,24.63,24.4,24.63,18292,450531.95999999996,24.645,145,-0.009941164536417135,-0.18595041322314054,326,true,true,true,24.44,24.65,24.64,25.02,26.62
2024-07-29 00:00:00+00:00,REG,65.47,66.46,65.19,66.22,54995,3641768.9,68.46,154,-0.04776511831726549,-0.17440841367221727,335,true,true,true,68.385,68.47,69.77,71.25,72.54
2023-11-30 00:00:00+00:00,RIO,69.06,69.115,68.695,69.09,134348,9282103.32,70.54,157,-0.026155372838106206,-0.17366033456195074,171,true,true,true,71.15,70.43,72.19,74.46,70.205
2024-09-25 00:00:00+00:00,RL,190.56,191.495,188.52,189.315,52030,9850059.45,191.9,129,-0.017613340281396495,-0.19941068139963158,376,true,true,true,197.715,193.13,195.775,196.56,201.4
2025-08-21 00:00:00+00:00,RPV,95.81,96.34,95.81,96.13,1077,103532.01,97.74,183,-0.019746265602619162,-0.17515858399836293,602,true,true,true,98.085,97.935,97.925,98.78,98.03
2024-02-06 00:00:00+00:00,RS,287.99,291.69,287.58,291.42,6285,1831574.7000000002,295.99,130,-0.028413122064934737,-0.1790263184567047,216,true,true,true,298.1,289.21,316.25,322.29,336.0
2024-07-16 00:00:00+00:00,RWR,97.61,98.31,97.32,98.31,12708,1249323.48,99.02,145,-0.01716824883861845,-0.19154307352477118,326,true,true,true,98.99,99.2,99.17,100.21,106.66
2025-06-25 00:00:00+00:00,RY,127.925,128.31,127.52,128.08,36228,4640082.24,130.0,135,-0.019076923076923102,-0.18161538461538462,562,true,true,true,130.22,131.15,133.3,131.96,136.23
2025-02-04 00:00:00+00:00,SAN,5.07,5.2,5.07,5.2,167288,869897.6,5.27,178,-0.03795066413662229,-0.18785578747628073,465,true,true,true,5.635,5.83,5.98,6.69,6.6
2024-05-01 00:00:00+00:00,SCHE,25.55,25.74,25.43,25.43,82067,2086963.81,26.145,190,-0.02734748517881047,-0.12449799196787148,275,true,true,true,26.16,26.12,26.89,26.28,26.55
2024-07-15 00:00:00+00:00,SCHH,20.84,20.95,20.77,20.93,460004,9627883.72,20.99,133,-0.010481181515007099,-0.18431372549019598,325,true,true,true,21.165,21.33,21.32,21.52,23.165
2023-12-26 00:00:00+00:00,SCHI,44.79,44.88,44.77,44.87,18908,848401.96,45.11,182,-0.00753713145643975,-0.09244070050986486,188,true,true,true,45.18,44.71,44.55,44.61,44.195
2024-08-01 00:00:00+00:00,SCHI,44.99,45.075,44.98,45.03,54477,2453099.31,45.18,149,-0.004426737494466648,-0.09244070050986486,338,true,true,true,45.4,44.95,45.36,45.69,46.24
2024-08-01 00:00:00+00:00,SCHO,48.365,48.44,48.36,48.435,81672,3955783.3200000003,48.645,126,-0.005858772741288987,-0.02695527874208703,338,true,true,true,48.715,48.575,48.57,48.785,49.05
2024-08-02 00:00:00+00:00,SCHP,52.8,52.87,52.69,52.81,53061,2802151.41,52.93,299,-0.004534290572454247,-0.0848428835489834,339,true,true,true,52.97,52.585,52.69,52.93,53.62
2024-08-01 00:00:00+00:00,SCHR,49.68,49.81,49.68,49.78,16537,823211.86,50.11,293,-0.008581121532628244,-0.08152704549892609,338,true,true,true,50.36,49.865,50.005,50.285,50.78
2024-08-01 00:00:00+00:00,SCHZ,46.5,46.595,46.5,46.55,28247,1314897.8499999999,46.845,149,-0.007364713416586621,-0.09196372073402237,338,true,true,true,47.75,46.58,46.87,47.15,47.62
2025-05-12 00:00:00+00:00,SCZ,68.24,68.26,67.96,68.26,22242,1518238.9200000002,68.31,154,-0.005123700775874762,-0.17039964866051827,532,true,true,true,68.42,69.525,70.74,71.48,73.29
2024-03-06 00:00:00+00:00,SDY,126.885,127.435,126.74,127.16,5943,755711.88,127.99,153,-0.009766387999062376,-0.14133916712243133,236,true,true,true,128.015,129.11,128.83,128.51,128.06
2026-01-12 00:00:00+00:00,SDY,143.37,144.02,143.0,143.87,32499,4675631.13,144.5,277,-0.01038062283737029,-0.1705190311418685,700,true,true,true,144.42,145.27,147.07,143.87,143.87
2024-10-15 00:00:00+00:00,SEIC,71.11,72.3,71.11,71.65,36189,2592941.85,72.53,138,-0.01957810561147111,-0.18983998757185028,390,true,true,true,72.59,71.1,76.2,80.8,85.74
2023-11-30 00:00:00+00:00,SGOL,19.51,19.52,19.43,19.47,144767,2818613.4899999998,19.71,145,-0.014205986808726645,-0.12075088787417565,171,true,true,true,19.81,19.41,19.47,19.73,19.47
2024-05-30 00:00:00+00:00,SGOV,100.71,100.72,100.71,100.72,237659,2.393701448E7,100.74,124,-2.977963073258483E-4,-0.0070478459400435955,295,true,true,true,100.74,100.38,100.48,100.71,100.71
2024-11-29 00:00:00+00:00,SHO,10.78,10.87,10.75,10.76,54838,590056.88,11.59,186,-0.07247627264883516,-0.1898188093183778,422,true,true,true,11.7,12.07,12.205,11.9,11.48
2024-08-29 00:00:00+00:00,SHV,110.56,110.56,110.55,110.555,93310,1.031588705E7,110.595,187,-4.0689000406890496E-4,-0.006736290067362982,358,true,true,true,110.59,110.25,110.38,110.63,110.49
2024-08-01 00:00:00+00:00,SHY,82.1,82.225,82.09,82.22,434991,3.5764960019999996E7,82.38,126,-0.003520271910657846,-0.028934624697336542,338,true,true,true,82.67,82.46,82.44,82.79,83.27
2025-06-04 00:00:00+00:00,SIVR,32.7,32.95,32.7,32.88,52312,1720018.56,33.3,153,-0.018018018018017834,-0.1787908179760751,548,true,true,true,34.03,34.545,34.905,35.135,35.22
2024-08-16 00:00:00+00:00,SJNK,25.28,25.345,25.275,25.34,271299,6874716.66,25.35,159,-0.002958579881656931,-0.04016064257028118,349,true,true,true,25.375,25.48,25.485,25.6,25.5
2024-02-08 00:00:00+00:00,SLF,52.47,52.92,51.99,52.78,55910,2950929.8000000003,53.21,133,-0.022928021048675085,-0.1623754933283218,218,true,true,true,53.11,53.48,55.105,54.98,53.33
2023-11-28 00:00:00+00:00,SLQD,48.52,48.65,48.515,48.645,31906,1552067.37,48.72,143,-0.004207717569786551,-0.021962233169129708,169,true,true,true,48.745,48.735,48.705,49.175,49.22
2025-06-23 00:00:00+00:00,SLQD,50.37,50.43,50.37,50.42,5754,290116.68,50.46,181,-0.001783590963139181,-0.01843043995243754,560,true,true,true,50.485,50.59,50.3,50.52,50.625
2025-06-04 00:00:00+00:00,SLV,31.34,31.43,31.09,31.36,1963738,6.158282368E7,31.82,153,-0.02294154619736022,-0.18287937743190663,548,true,true,true,32.44,33.0,33.38,33.48,33.69
2024-10-14 00:00:00+00:00,SNA,290.6,296.83,290.6,296.66,49233,1.4605461780000001E7,298.315,137,-0.02586192447580571,-0.1644875438889818,389,true,true,true,295.615,326.03,332.68,361.995,354.71
2025-01-08 00:00:00+00:00,SNX,124.45,124.45,119.91,121.93,69629,8489863.97,133.84,140,-0.10407949790794979,-0.1943365212193664,448,true,true,true,134.03,137.17,142.45,142.78,126.22
2024-05-01 00:00:00+00:00,SO,73.38,75.13,73.23,74.48,351936,2.621219328E7,75.78,244,-0.03365003958828183,-0.18738453417788337,275,true,true,true,75.37,77.63,79.33,78.1,77.56
2025-07-17 00:00:00+00:00,SO,92.66,93.805,92.66,93.38,303493,2.834017634E7,94.45,180,-0.018951826363155178,-0.14790894653255693,577,true,true,true,94.115,95.0,94.49,94.19,92.265
2024-08-01 00:00:00+00:00,SPAB,25.6,25.635,25.59,25.61,43103,1103867.83,25.78,285,-0.007370054305663398,-0.09129267357115456,338,true,true,true,25.9,25.61,25.78,25.945,26.2
2023-12-26 00:00:00+00:00,SPBO,29.31,29.36,29.31,29.36,4254,124897.44,29.56,167,-0.008457374830852515,-0.09472259810554795,187,true,true,true,29.57,29.23,29.2,29.2,28.91
2024-08-13 00:00:00+00:00,SPBO,29.45,29.5,29.42,29.49,9923,292629.26999999996,29.58,157,-0.005409060175794345,-0.09472259810554795,345,true,true,true,29.605,29.72,29.79,30.01,29.555
2023-12-26 00:00:00+00:00,SPDW,33.79,33.93,33.77,33.895,109678,3717535.8100000005,34.0,168,-0.006764705882352895,-0.13558823529411768,188,true,true,true,34.06,33.37,33.695,33.58,34.735
2025-05-01 00:00:00+00:00,SPDW,37.84,37.945,37.68,37.73,227877,8597799.209999999,37.99,148,-0.008160042116346466,-0.1497762569097132,525,true,true,true,38.43,38.24,38.955,39.805,40.48
2024-03-11 00:00:00+00:00,SPEM,36.13,36.22,36.1,36.14,111482,4028959.48,36.39,154,-0.007969222313822466,-0.11898873316845282,239,true,true,true,36.46,36.11,36.025,37.03,37.41
2025-07-01 00:00:00+00:00,SPEM,42.8,42.88,42.74,42.845,76981,3298250.945,42.88,182,-0.0032649253731343864,-0.19822761194029848,566,true,true,true,43.005,42.825,43.29,43.23,44.475
2024-08-22 00:00:00+00:00,SPHY,23.71,23.71,23.665,23.68,175457,4154821.76,23.75,169,-0.003578947368421126,-0.05422993492407813,353,true,true,true,23.74,23.79,23.78,24.01,23.87
2023-12-13 00:00:00+00:00,SPIB,32.34,32.645,32.325,32.62,300605,9805735.1,32.75,174,-0.012977099236641143,-0.056488549618320616,180,true,true,true,32.775,32.68,32.86,32.885,32.6
2024-07-26 00:00:00+00:00,SPIB,32.91,32.915,32.66,32.66,574231,1.8754384459999997E7,32.945,122,-0.008650781605706648,-0.056488549618320616,334,true,true,true,32.94,33.265,33.105,33.49,33.74
2025-09-04 00:00:00+00:00,SPIB,33.71,33.78,33.71,33.775,1706415,5.7634166625E7,33.825,240,-0.0033998521803400017,-0.04271988174427199,611,true,true,true,33.865,33.965,33.94,33.88,33.905
2023-12-13 00:00:00+00:00,SPLB,23.17,23.585,23.105,23.53,97199,2287092.47,23.93,173,-0.03447555369828659,-0.16339323025491015,180,true,true,true,23.95,23.77,23.965,23.65,22.96
2024-09-05 00:00:00+00:00,SPLB,23.92,24.025,23.83,24.02,54485,1308729.7,24.07,172,-0.009970918155380204,-0.16339323025491015,362,true,true,true,23.985,24.155,24.285,23.91,22.9
2024-02-22 00:00:00+00:00,SPLV,63.76,64.28,63.59,64.17,294829,1.891917693E7,64.51,204,-0.014261354828708717,-0.11378080917687183,227,true,true,true,64.46,64.03,64.57,65.2,63.41
2024-08-01 00:00:00+00:00,SPMB,22.055,22.13,22.055,22.09,37840,835885.6,22.175,149,-0.005411499436302147,-0.1368148467846354,338,true,true,true,22.37,22.1,22.22,22.41,22.595
2023-12-12 00:00:00+00:00,SPSB,29.49,29.57,29.49,29.565,200360,5923643.4,29.725,173,-0.007905803195963124,-0.019848612279226185,179,true,true,true,29.73,29.63,29.77,29.83,29.735
2024-07-30 00:00:00+00:00,SPSB,29.9,29.915,29.89,29.91,57032,1705827.12,29.935,124,-0.0015032570569566417,-0.049481778669341336,336,true,true,true,29.96,29.94,30.02,30.135,30.275
2025-10-23 00:00:00+00:00,SPSB,30.3,30.3,30.29,30.29,351517,1.064744993E7,30.31,271,-6.598482349059465E-4,-0.018475750577367167,646,true,true,true,30.315,30.26,30.175,30.215,30.155
2024-08-01 00:00:00+00:00,SPTI,28.55,28.615,28.545,28.6,112361,3213524.6,28.76,293,-0.007475660639777448,-0.08095238095238089,338,true,true,true,28.93,28.65,28.73,28.89,29.145
2024-08-02 00:00:00+00:00,SPTS,29.19,29.24,29.185,29.24,30203,883135.72,29.25,140,-0.0022222222222222365,-0.04716666666666669,339,true,true,true,29.235,29.165,29.185,29.275,29.41
2024-07-03 00:00:00+00:00,SPYI,50.53,50.675,50.51,50.655,10802,547175.31,50.73,245,-0.004336684407648339,-0.11452789276562181,290,true,true,true,50.83,50.95,50.73,49.58,50.49
2025-09-30 00:00:00+00:00,SPYV,55.065,55.35,54.96,55.325,97548,5396843.100000001,55.41,207,-0.008121277747698885,-0.19870059556036812,629,true,true,true,55.485,55.71,55.11,56.445,56.085
2024-07-17 00:00:00+00:00,STAG,38.0,39.285,38.0,38.43,132086,5076064.9799999995,39.61,135,-0.040646301439030585,-0.18311855670103083,327,true,true,true,39.095,39.63,40.83,39.47,39.32
2024-04-10 00:00:00+00:00,STZ,260.0,265.29,258.27,264.96,167423,4.436039808E7,273.65,169,-0.05620317924355933,-0.16820756440708928,260,true,true,true,268.23,257.35,261.56,258.25,249.99
2023-12-05 00:00:00+00:00,SUB,104.93,105.01,104.93,105.01,26995,2834744.95,105.06,168,-0.0012373881591470903,-0.026365886160289342,174,true,true,true,105.02,105.105,105.22,105.33,104.94
2024-08-01 00:00:00+00:00,SUB,105.16,105.225,105.155,105.18,8888,934839.8400000001,105.555,149,-0.003789493628913898,-0.033015963241911916,338,true,true,true,105.6,105.43,105.48,105.86,106.28
2024-02-28 00:00:00+00:00,SWX,62.7,67.33,62.7,67.14,28562,1917652.68,68.01,139,-0.07807675341861497,-0.17320982208498759,231,true,true,true,68.05,72.565,71.98,74.95,75.995
2025-07-22 00:00:00+00:00,SWX,79.22,79.725,79.105,79.505,22218,1766442.0899999999,80.26,161,-0.014390730127087026,-0.1922501868925991,580,true,true,true,78.8,78.01,79.58,76.555,79.14
2024-01-09 00:00:00+00:00,SYK,298.855,305.465,298.71,303.32,93436,2.834100752E7,306.91,132,-0.026717930337884166,-0.18210550324199282,197,true,true,true,307.82,313.6,307.69,342.66,357.635
2025-08-12 00:00:00+00:00,SYY,79.94,80.9,79.925,80.745,72582,5860633.590000001,82.07,168,-0.026136225173632233,-0.19805589307411908,595,true,true,true,82.18,79.5,79.63,80.17,78.755
2025-05-01 00:00:00+00:00,TDG,1413.575,1442.89,1405.13,1434.99,16898,2.424846102E7,1451.0,144,-0.03161268090971736,-0.18332184700206755,525,true,true,true,1449.73,1385.57,1403.49,1468.92,1521.39
2024-08-01 00:00:00+00:00,TIP,108.18,108.46,108.12,108.14,269403,2.913324042E7,108.64,298,-0.0047864506627393055,-0.08556534244112901,338,true,true,true,108.65,107.92,108.43,109.21,110.55
2025-03-28 00:00:00+00:00,TIP,110.47,110.755,110.41,110.65,163884,1.81337646E7,111.11,121,-0.0063000630006300185,-0.05923063095452097,502,true,true,true,111.09,110.62,107.94,110.19,108.86
2023-11-30 00:00:00+00:00,TMUS,148.56,150.62,148.2,150.41,223189,3.356985749E7,151.67,157,-0.022878618052350475,-0.17630381749851642,171,true,true,true,152.22,156.355,156.91,160.35,161.715
2025-02-05 00:00:00+00:00,TRI,169.01,170.55,167.955,169.21,32537,5505585.7700000005,176.0,174,-0.04571022727272722,-0.1378977272727273,466,true,true,true,176.925,175.885,176.99,175.075,175.94
2023-12-14 00:00:00+00:00,TRV,185.53,185.6,181.08,182.725,84983,1.5528518674999999E7,185.76,144,-0.025193798449612337,-0.1527777777777778,181,true,true,true,182.8,185.55,190.52,196.82,215.92
2024-02-05 00:00:00+00:00,TTEK,164.72,166.18,163.75,165.0,30053,4958745.0,172.9,139,-0.0529207634470793,-0.170561017929439,215,true,true,true,170.08,178.72,177.3,181.93,190.61
2024-01-11 00:00:00+00:00,TYL,420.12,425.85,419.18,425.38,10169,4325689.22,426.72,122,-0.017669666291713626,-0.15633202099737542,199,true,true,true,428.77,429.94,430.53,441.18,428.96
2024-10-11 00:00:00+00:00,UBS,31.6,32.125,31.6,32.02,189477,6067053.540000001,32.13,145,-0.016495487083722393,-0.19063180827886717,388,true,true,true,32.19,32.835,32.09,32.33,32.58
2024-07-10 00:00:00+00:00,UE,18.32,18.42,18.255,18.4,51492,947452.7999999999,18.78,135,-0.027955271565495265,-0.18778280542986425,322,true,true,true,19.25,19.78,19.56,19.62,20.65
2024-07-25 00:00:00+00:00,UFPI,120.69,127.68,119.47,125.055,20385,2549246.1750000003,128.68,144,-0.07157289400062172,-0.16467205470935664,333,true,true,true,128.94,126.075,118.13,119.25,130.92
2024-06-04 00:00:00+00:00,UL,55.9,55.92,55.575,55.785,144640,8068742.399999999,55.98,276,-0.007234726688102766,-0.17533047516970346,298,true,true,true,56.09,55.58,56.14,54.98,61.63
2025-12-16 00:00:00+00:00,UL,64.75,64.88,64.05,64.32,107191,6894525.119999999,65.65,165,-0.02437166793602452,-0.17519356307879164,683,true,true,true,65.555,65.735,65.39,64.21,64.32
2023-10-12 00:00:00+00:00,UNH,524.545,528.63,522.335,525.51,119865,6.299025615E7,534.45,125,-0.02266816353260359,-0.1660585648797831,137,true,true,true,539.09,529.41,527.84,539.12,549.91
2024-05-22 00:00:00+00:00,USFR,50.5,50.51,50.5,50.51,40058,2023329.5799999998,50.52,187,-3.958828186857444E-4,-0.006136183689627872,290,true,true,true,50.53,50.335,50.38,50.495,50.465
2023-11-28 00:00:00+00:00,USHY,35.345,35.49,35.305,35.47,412859,1.464410873E7,35.73,150,-0.01189476630282671,-0.054855863420094964,169,true,true,true,35.66,35.66,35.745,36.59,36.51
2023-12-13 00:00:00+00:00,USIG,50.27,50.88,50.215,50.82,60162,3057432.84,51.1,173,-0.017318982387475534,-0.0860078277886498,180,true,true,true,51.05,51.08,51.38,51.21,50.46
2024-08-01 00:00:00+00:00,USIG,51.18,51.275,51.145,51.18,105297,5389100.46,51.5,149,-0.006893203883495125,-0.0860078277886498,338,true,true,true,51.63,51.11,51.665,51.99,52.67
2024-11-20 00:00:00+00:00,UUP,30.06,30.11,30.05,30.065,69078,2076830.07,30.16,265,-0.003647214854111347,-0.10742705570291777,416,true,true,true,30.16,29.91,29.86,30.66,29.395
2024-09-16 00:00:00+00:00,V,288.15,290.83,287.83,290.43,211515,6.143030145E7,290.94,122,-0.010689489241768158,-0.13136729222520105,369,true,true,true,291.48,283.8,275.29,280.69,311.015
2023-12-13 00:00:00+00:00,VCIT,79.52,80.53,79.43,80.39,1026368,8.250972352E7,81.03,174,-0.01974577317043058,-0.08941132913735661,180,true,true,true,81.01,81.12,81.44,81.15,80.1
2024-07-30 00:00:00+00:00,VCIT,81.215,81.285,81.1,81.26,328935,2.67292581E7,81.645,147,-0.0066752403698940865,-0.08941132913735661,336,true,true,true,81.61,81.755,82.38,83.06,83.69
2025-09-09 00:00:00+00:00,VCIT,84.14,84.2,83.955,84.05,1059266,8.90313073E7,84.26,269,-0.0036197483978163136,-0.0664016140517446,614,true,true,true,84.245,84.535,84.3,84.01,83.67
2023-12-13 00:00:00+00:00,VCLT,78.0,79.48,77.84,79.28,80713,6398926.64,80.78,173,-0.036395147313691534,-0.16476850705620205,180,true,true,true,80.67,80.36,80.68,79.77,77.29
2024-09-05 00:00:00+00:00,VCLT,80.51,80.855,80.17,80.82,417998,3.378259836E7,81.1,172,-0.011467324290998726,-0.16476850705620205,362,true,true,true,80.655,81.28,81.66,80.45,77.36
2023-12-12 00:00:00+00:00,VCSH,76.13,76.445,76.13,76.44,671821,5.135399724E7,76.67,173,-0.007043172035998468,-0.029216121038215692,179,true,true,true,77.01,77.16,77.335,77.455,77.15
2025-07-01 00:00:00+00:00,VCSH,79.18,79.21,79.1,79.14,797826,6.313994964E7,79.535,191,-0.0054692902495756535,-0.024454642610171495,566,true,true,true,79.17,79.115,79.08,79.3,79.85
2024-03-27 00:00:00+00:00,VDE,128.64,130.31,128.64,130.3,10919,1422745.7000000002,131.06,134,-0.018464825270868457,-0.15626430642453837,251,true,true,true,131.64,135.2,135.99,134.59,127.72
2025-05-01 00:00:00+00:00,VEA,52.97,52.97,52.58,52.74,546135,2.8803159900000002E7,53.385,148,-0.015079142081108943,-0.15425681371171673,525,true,true,true,53.62,53.33,54.39,55.57,57.0
2024-02-15 00:00:00+00:00,VEU,56.035,56.325,56.03,56.32,159010,8955443.2,56.63,138,-0.01059509094119726,-0.12643475189828723,223,true,true,true,56.41,57.305,57.61,57.95,56.845
2025-05-02 00:00:00+00:00,VEU,63.0,63.54,63.0,63.44,290266,1.841447504E7,63.8,148,-0.01253918495297801,-0.15893416927899684,526,true,true,true,63.67,63.415,64.65,65.875,67.225
2024-08-01 00:00:00+00:00,VGIT,59.31,59.495,59.31,59.45,143648,8539873.6,59.66,125,-0.0058665772712034325,-0.0830324909747292,338,true,true,true,60.13,59.55,59.72,60.05,60.58
2024-08-01 00:00:00+00:00,VGSH,58.27,58.365,58.27,58.365,55041,3212467.9650000003,58.565,126,-0.005037138222487747,-0.02737629654820606,338,true,true,true,58.695,58.52,58.525,58.77,59.12
2025-11-20 00:00:00+00:00,VHT,284.955,285.275,281.61,281.725,22081,6220769.725000001,288.68,297,-0.024490785645004842,-0.18991899189918993,666,true,true,true,287.68,294.52,287.26,287.555,294.3
2023-12-13 00:00:00+00:00,VIRT,19.485,20.11,19.48,20.1,150582,3026698.2,20.3,164,-0.040394088669950756,-0.1911330049261083,180,true,true,true,20.75,20.31,20.4,19.08,16.67
2024-08-01 00:00:00+00:00,VMBS,46.3,46.47,46.3,46.37,135365,6276875.05,46.74,144,-0.00941377834830992,-0.10876932853209065,338,true,true,true,46.96,46.34,46.605,46.92,47.34
2024-07-16 00:00:00+00:00,VNQ,88.65,89.16,88.16,89.11,176931,1.576632141E7,90.095,145,-0.02147732948554304,-0.19115794296186006,326,true,true,true,89.75,89.67,90.75,91.17,97.21
2025-08-21 00:00:00+00:00,VONV,86.98,87.29,86.82,87.09,31497,2743073.73,87.96,181,-0.012960436562073685,-0.18451568894952242,602,true,true,true,88.55,88.49,88.47,89.4,89.015
2024-09-16 00:00:00+00:00,VOYA,76.0,76.63,75.46,76.5,67607,5171935.5,76.925,286,-0.01904452388690292,-0.1893803034199023,369,true,true,true,76.9,77.03,79.22,81.03,83.25
2024-02-09 00:00:00+00:00,VPL,71.9,72.21,71.79,72.21,37939,2739575.19,72.59,135,-0.011020801763328203,-0.12577490012398407,219,true,true,true,72.55,72.96,73.94,75.03,75.63
2025-05-30 00:00:00+00:00,VPL,78.82,79.065,78.43,78.93,28563,2254477.5900000003,79.745,168,-0.016490062072857192,-0.19380525424791517,545,true,true,true,80.5,80.01,79.94,82.88,82.49
2024-03-07 00:00:00+00:00,VSS,115.66,116.0,115.53,115.95,15159,1757686.05,116.065,152,-0.004609486063843482,-0.14616809546374876,237,true,true,true,115.7,114.7,116.67,116.86,117.28
2025-05-19 00:00:00+00:00,VSS,125.725,126.45,125.69,126.44,4895,618923.8,126.615,160,-0.0073056114994273225,-0.1880108991825613,537,true,true,true,126.58,128.01,128.83,130.33,135.8
2023-12-20 00:00:00+00:00,VTEB,50.92,51.05,50.92,51.01,252588,1.2884513879999999E7,51.07,175,-0.0029371450949676747,-0.07656158214215791,185,true,true,true,51.04,51.05,50.85,50.48,50.62
2024-09-17 00:00:00+00:00,VTEB,51.06,51.105,51.045,51.105,216753,1.1077162065E7,51.15,181,-0.002052785923753575,-0.07656158214215791,370,true,true,true,51.04,51.03,51.14,50.79,50.35
2025-12-24 00:00:00+00:00,VTEB,50.2,50.245,50.2,50.225,499832,2.51040622E7,51.085,262,-0.017324067730253412,-0.08090678131717799,689,true,true,true,50.21,50.36,50.57,50.55,50.225
2023-12-13 00:00:00+00:00,VTIP,47.61,47.91,47.605,47.91,114864,5503134.239999999,48.13,154,-0.010907957614793351,-0.029503428215250427,180,true,true,true,48.115,48.115,47.47,47.695,47.495
2025-10-17 00:00:00+00:00,VTR,69.505,70.835,69.505,70.605,95313,6729574.365,71.36,136,-0.025994955156950716,-0.16163856847086666,642,true,true,true,71.455,70.44,73.81,78.01,78.7
2025-08-21 00:00:00+00:00,VTV,181.01,181.52,180.52,181.0,174861,3.1649841E7,182.35,180,-0.01003564573622151,-0.17482862626816564,602,true,true,true,183.49,183.15,182.49,185.725,185.6
2023-11-22 00:00:00+00:00,VUSB,49.295,49.295,49.275,49.295,31507,1553137.565,49.295,146,-4.057206613247155E-4,-0.0116644690130846,166,true,true,true,49.29,49.4,49.31,49.545,49.565
2025-09-29 00:00:00+00:00,VUSB,49.96,49.97,49.955,49.97,27762,1387267.14,49.97,250,-3.001801080648736E-4,-0.015575079872204523,628,true,true,true,49.995,49.85,49.89,49.985,49.935
2024-05-01 00:00:00+00:00,VWO,42.19,42.605,42.165,42.2,1468248,6.19600656E7,43.19,190,-0.023732345450335646,-0.13266959944431578,275,true,true,true,43.3,43.205,44.395,43.44,43.78
2024-08-01 00:00:00+00:00,VWOB,64.0,64.08,63.795,63.84,8129,518955.36000000004,64.24,152,-0.006927148194271426,-0.09213554479803188,338,true,true,true,64.3,63.885,64.65,65.27,66.25
2025-09-04 00:00:00+00:00,VWOB,66.09,66.25,66.03,66.25,51392,3404720.0,66.58,240,-0.008260738960648828,-0.0851607089215981,611,true,true,true,66.66,67.15,66.78,66.845,67.875
2024-02-16 00:00:00+00:00,VXUS,58.05,58.32,57.93,58.08,139676,8112382.08,58.41,139,-0.00821777092963527,-0.12771785653141576,224,true,true,true,58.265,58.83,59.12,59.61,57.88
2025-05-09 00:00:00+00:00,VXUS,65.21,65.21,64.85,64.99,117985,7667845.149999999,65.52,153,-0.0102258852258853,-0.16086691086691085,531,true,true,true,65.62,66.21,66.75,68.3,69.38
2025-01-17 00:00:00+00:00,WES,40.6,41.77,40.585,41.47,77714,3222799.58,42.76,123,-0.050865294667913896,-0.17224041159962566,454,true,true,true,42.87,41.23,40.635,41.5,41.56
2024-10-10 00:00:00+00:00,WH,78.705,80.295,78.705,79.54,40754,3241573.16,81.73,206,-0.03701211305518182,-0.1717851462131409,387,true,true,true,81.78,82.75,90.07,95.06,101.89
2024-11-08 00:00:00+00:00,WTM,1868.51,1888.43,1857.28,1862.27,1581,2944248.87,1915.8,129,-0.03054598601106584,-0.13243292619271319,408,true,true,true,1907.86,1916.41,1985.94,1983.8,1874.74
2025-11-26 00:00:00+00:00,WTM,2000.0,2037.55,2000.0,2031.465,661,1342798.365,2037.91,251,-0.01860239166597155,-0.19122532398388548,670,true,true,true,2025.365,2034.09,2038.65,2061.43,2051.505
2023-11-10 00:00:00+00:00,WTW,238.4,240.76,236.82,240.215,43435,1.0433738525E7,241.6,141,-0.019784768211920545,-0.19168046357615898,158,true,true,true,243.47,242.15,245.13,244.81,245.45
2025-09-23 00:00:00+00:00,WTW,338.3,341.21,337.02,340.77,28830,9824399.1,342.66,141,-0.016459464191910467,-0.14416622891495956,624,true,true,true,343.58,345.47,349.895,330.525,319.54
2024-03-22 00:00:00+00:00,XLE,92.63,92.87,92.18,92.33,732009,6.758639097E7,93.68,131,-0.016011955593509875,-0.15681041844577293,248,true,true,true,93.23,95.13,97.53,95.57,94.4
2024-05-10 00:00:00+00:00,XLP,77.18,77.705,77.115,77.63,888582,6.898062066E7,77.82,259,-0.009059367771780957,-0.162361860704189,282,true,true,true,77.4,78.19,77.12,77.59,77.39
2024-07-16 00:00:00+00:00,XLRE,40.3,40.57,40.13,40.47,394211,1.595371917E7,40.9,144,-0.018826405867970575,-0.18346516968614435,326,true,true,true,40.9,40.83,41.275,41.84,44.815
2025-06-02 00:00:00+00:00,XLU,81.61,82.29,81.245,82.16,1333328,1.0954622847999999E8,83.41,125,-0.025956120369260205,-0.14842345042560834,546,true,true,true,82.4,80.83,80.72,81.9,85.0
2025-11-24 00:00:00+00:00,XLV,155.17,156.155,154.48,155.24,927624,1.4400434976000002E8,157.58,299,-0.019672547277573393,-0.19317029903699956,668,true,true,true,158.76,154.34,149.97,154.99,157.47
2024-03-27 00:00:00+00:00,XOP,150.01,152.79,149.67,152.79,179983,2.749960257E7,154.67,137,-0.032326889506691714,-0.18141850391155356,251,true,true,true,154.98,159.89,159.67,156.93,148.14
2024-11-08 00:00:00+00:00,XRT,79.51,79.51,78.95,79.14,677966,5.365422924E7,80.09,124,-0.014233986764889517,-0.15263856132075482,408,true,true,true,80.22,78.55,81.02,83.535,79.31
2024-09-17 00:00:00+00:00,XYLD,41.53,41.53,41.45,41.485,17053,707443.705,41.54,291,-0.0021665864227250475,-0.0974963890226287,370,true,true,true,41.51,41.385,41.33,41.83,42.18
2025-02-05 00:00:00+00:00,YUM,131.26,131.705,129.63,131.245,136477,1.7911923865000002E7,143.2,193,-0.09476256983240217,-0.14804469273743015,466,true,true,true,144.0,146.53,150.98,159.215,161.47
2023-07-11 00:00:00+00:00,ZEXIT,10.0,10.0,10.0,10.0,242000,2420000.0,10.0,299,0.0,0.0,71,true,true,true,10.0,10.0,10.0,10.0,10.0
2024-02-01 00:00:00+00:00,ZWS,29.925,30.5,29.71,30.26,74367,2250345.42,30.87,131,-0.03757693553611918,-0.18691286038224808,213,true,true,true,30.86,33.24,32.09,32.07,33.06
2024-09-17 00:00:00+00:00,ZWS,33.76,34.13,33.66,33.83,159849,5407691.67,34.37,152,-0.020657550189118412,-0.18691286038224808,370,true,true,true,34.03,34.67,35.79,36.64,39.35
